time_start_sec,duration_sec,pitch,velocity,track,instrument,track_new,time_start_tick,duration_tick
0.32966999999999996,0.037774687500000015,63,127,Strings,Lead 3 (calliope) _ 1,Strings 1,480,55
0.32966999999999996,0.037774687500000015,67,127,Strings,Lead 3 (calliope) _ 1,Strings 1,480,55
0.32966999999999996,0.04601643750000001,58,127,Strings,Lead 3 (calliope) _ 1,Strings 1,480,67
0.6593399999999999,0.05494500000000002,63,127,Strings,Lead 3 (calliope) _ 1,Strings 1,960,80
0.6593399999999999,0.05494500000000002,67,127,Strings,Lead 3 (calliope) _ 1,Strings 1,960,80
0.6593399999999999,0.05494500000000002,58,127,Strings,Lead 3 (calliope) _ 1,Strings 1,960,80
1.3186799999999999,0.052884562500000065,63,127,Strings,Lead 3 (calliope) _ 1,Strings 1,1920,77
1.3186799999999999,0.052884562500000065,67,127,Strings,Lead 3 (calliope) _ 1,Strings 1,1920,77
1.3186799999999999,0.052884562500000065,58,127,Strings,Lead 3 (calliope) _ 1,Strings 1,1920,77
1.6483499999999998,0.04601643750000006,63,127,Strings,Lead 3 (calliope) _ 1,Strings 1,2400,67
1.6483499999999998,0.04601643750000006,67,127,Strings,Lead 3 (calliope) _ 1,Strings 1,2400,67
1.6483499999999998,0.04601643750000006,58,127,Strings,Lead 3 (calliope) _ 1,Strings 1,2400,67
2.3076899999999996,0.05975268750000007,67,127,Strings,Lead 3 (calliope) _ 1,Strings 1,3360,87
2.3076899999999996,0.06868125000000003,58,127,Strings,Lead 3 (calliope) _ 1,Strings 1,3360,100
2.3076899999999996,0.06868125000000003,63,127,Strings,Lead 3 (calliope) _ 1,Strings 1,3360,100
2.6373599999999997,0.061813125000000024,63,127,Strings,Lead 3 (calliope) _ 1,Strings 1,3840,90
2.6373599999999997,0.06868125000000003,58,127,Strings,Lead 3 (calliope) _ 1,Strings 1,3840,100
2.6373599999999997,0.06868125000000003,67,127,Strings,Lead 3 (calliope) _ 1,Strings 1,3840,100
3.2966999999999995,0.061813125000000024,67,127,Strings,Lead 3 (calliope) _ 1,Strings 1,4800,90
3.2966999999999995,0.061813125000000024,63,127,Strings,Lead 3 (calliope) _ 1,Strings 1,4800,90
3.2966999999999995,0.061813125000000024,58,127,Strings,Lead 3 (calliope) _ 1,Strings 1,4800,90
3.6263699999999996,0.052884562500000065,67,127,Strings,Lead 3 (calliope) _ 1,Strings 1,5280,77
3.6263699999999996,0.052884562500000065,58,127,Strings,Lead 3 (calliope) _ 1,Strings 1,5280,77
3.6263699999999996,0.052884562500000065,63,127,Strings,Lead 3 (calliope) _ 1,Strings 1,5280,77
4.28571,0.06868125000000003,67,127,Strings,Lead 3 (calliope) _ 1,Strings 1,6240,100
4.28571,0.06868125000000003,63,127,Strings,Lead 3 (calliope) _ 1,Strings 1,6240,100
4.28571,0.08379112499999941,58,127,Strings,Lead 3 (calliope) _ 1,Strings 1,6240,122
4.615379999999999,0.07554937500000047,67,127,Strings,Lead 3 (calliope) _ 1,Strings 1,6720,110
4.615379999999999,0.0837911250000003,63,127,Strings,Lead 3 (calliope) _ 1,Strings 1,6720,122
4.615379999999999,0.0837911250000003,58,127,Strings,Lead 3 (calliope) _ 1,Strings 1,6720,122
5.274719999999999,0.052884562500000065,62,127,Strings,Lead 3 (calliope) _ 1,Strings 1,7680,77
5.274719999999999,0.052884562500000065,65,127,Strings,Lead 3 (calliope) _ 1,Strings 1,7680,77
5.274719999999999,0.06868125000000003,59,127,Strings,Lead 3 (calliope) _ 1,Strings 1,7680,100
5.6043899999999995,0.06868125000000003,62,127,Strings,Lead 3 (calliope) _ 1,Strings 1,8160,100
5.6043899999999995,0.06868125000000003,59,127,Strings,Lead 3 (calliope) _ 1,Strings 1,8160,100
5.6043899999999995,0.08379112499999941,65,127,Strings,Lead 3 (calliope) _ 1,Strings 1,8160,122
6.263729999999999,0.06181312500000047,58,127,Strings,Lead 3 (calliope) _ 1,Strings 1,9120,90
6.263729999999999,0.07692300000000074,67,127,Strings,Lead 3 (calliope) _ 1,Strings 1,9120,112
6.263729999999999,0.07692300000000074,63,127,Strings,Lead 3 (calliope) _ 1,Strings 1,9120,112
6.593399999999999,0.06868125000000003,63,127,Strings,Lead 3 (calliope) _ 1,Strings 1,9600,100
6.593399999999999,0.06868125000000003,58,127,Strings,Lead 3 (calliope) _ 1,Strings 1,9600,100
6.593399999999999,0.06868125000000003,67,127,Strings,Lead 3 (calliope) _ 1,Strings 1,9600,100
7.252739999999999,0.06181312499999958,63,127,Strings,Lead 3 (calliope) _ 1,Strings 1,10560,90
7.252739999999999,0.06181312499999958,58,127,Strings,Lead 3 (calliope) _ 1,Strings 1,10560,90
7.252739999999999,0.06181312499999958,67,127,Strings,Lead 3 (calliope) _ 1,Strings 1,10560,90
7.582409999999999,0.04464281249999935,58,125,Strings,Lead 3 (calliope) _ 1,Strings 1,11040,65
7.582409999999999,0.059752687499999624,63,127,Strings,Lead 3 (calliope) _ 1,Strings 1,11040,87
7.582409999999999,0.06868125000000003,67,127,Strings,Lead 3 (calliope) _ 1,Strings 1,11040,100
8.24175,0.06181312499999869,63,127,Strings,Lead 3 (calliope) _ 1,Strings 1,12000,90
8.24175,0.06181312499999869,58,127,Strings,Lead 3 (calliope) _ 1,Strings 1,12000,90
8.24175,0.07692299999999896,67,127,Strings,Lead 3 (calliope) _ 1,Strings 1,12000,112
8.57142,0.059752687499999624,63,127,Strings,Lead 3 (calliope) _ 1,Strings 1,12480,87
8.57142,0.07554937499999959,58,127,Strings,Lead 3 (calliope) _ 1,Strings 1,12480,110
8.57142,0.07554937499999959,67,127,Strings,Lead 3 (calliope) _ 1,Strings 1,12480,110
7.91208,0.7383234375000001,51,127,Strings,Lead 3 (calliope) _ 1,Strings 1,11520,1075
9.230759999999998,0.05288456250000095,62,127,Strings,Lead 3 (calliope) _ 1,Strings 1,13440,77
9.230759999999998,0.06868125000000092,59,127,Strings,Lead 3 (calliope) _ 1,Strings 1,13440,100
9.230759999999998,0.06868125000000092,65,127,Strings,Lead 3 (calliope) _ 1,Strings 1,13440,100
9.560429999999998,0.05288456250000095,62,127,Strings,Lead 3 (calliope) _ 1,Strings 1,13920,77
9.560429999999998,0.06868125000000092,59,127,Strings,Lead 3 (calliope) _ 1,Strings 1,13920,100
9.560429999999998,0.07692300000000074,65,127,Strings,Lead 3 (calliope) _ 1,Strings 1,13920,112
8.901089999999998,0.8152464375000008,50,127,Strings,Lead 3 (calliope) _ 1,Strings 1,12960,1187
10.219769999999999,0.06181312500000047,58,127,Strings,Lead 3 (calliope) _ 1,Strings 1,14880,90
10.219769999999999,0.0700548750000003,67,127,Strings,Lead 3 (calliope) _ 1,Strings 1,14880,102
10.219769999999999,0.0700548750000003,63,127,Strings,Lead 3 (calliope) _ 1,Strings 1,14880,102
10.549439999999999,0.0700548750000003,58,127,Strings,Lead 3 (calliope) _ 1,Strings 1,15360,102
10.549439999999999,0.07692300000000074,67,127,Strings,Lead 3 (calliope) _ 1,Strings 1,15360,112
10.549439999999999,0.07692300000000074,63,127,Strings,Lead 3 (calliope) _ 1,Strings 1,15360,112
9.890099999999999,0.7760981250000007,51,127,Strings,Lead 3 (calliope) _ 1,Strings 1,14400,1130
11.208779999999999,0.030906562500000234,67,118,Strings,Lead 3 (calliope) _ 1,Strings 1,16320,45
11.208779999999999,0.03914831250000006,63,127,Strings,Lead 3 (calliope) _ 1,Strings 1,16320,57
11.208779999999999,0.04601643750000051,58,127,Strings,Lead 3 (calliope) _ 1,Strings 1,16320,67
11.53845,0.06868124999999914,63,127,Strings,Lead 3 (calliope) _ 1,Strings 1,16800,100
11.53845,0.06868124999999914,58,127,Strings,Lead 3 (calliope) _ 1,Strings 1,16800,100
11.53845,0.0700548750000003,67,127,Strings,Lead 3 (calliope) _ 1,Strings 1,16800,102
12.19779,0.04601643749999873,62,127,Strings,Lead 3 (calliope) _ 1,Strings 1,17760,67
12.19779,0.05494500000000002,58,127,Strings,Lead 3 (calliope) _ 1,Strings 1,17760,80
12.19779,0.05494500000000002,65,127,Strings,Lead 3 (calliope) _ 1,Strings 1,17760,80
12.527459999999998,0.06181312500000047,65,127,Strings,Lead 3 (calliope) _ 1,Strings 1,18240,90
12.527459999999998,0.06181312500000047,58,127,Strings,Lead 3 (calliope) _ 1,Strings 1,18240,90
12.527459999999998,0.06181312500000047,62,127,Strings,Lead 3 (calliope) _ 1,Strings 1,18240,90
13.186799999999998,0.05494500000000002,65,127,Strings,Lead 3 (calliope) _ 1,Strings 1,19200,80
13.186799999999998,0.05494500000000002,61,127,Strings,Lead 3 (calliope) _ 1,Strings 1,19200,80
13.186799999999998,0.05494500000000002,58,127,Strings,Lead 3 (calliope) _ 1,Strings 1,19200,80
13.516469999999998,0.05494500000000002,65,127,Strings,Lead 3 (calliope) _ 1,Strings 1,19680,80
13.516469999999998,0.05494500000000002,61,127,Strings,Lead 3 (calliope) _ 1,Strings 1,19680,80
13.516469999999998,0.05494500000000002,58,127,Strings,Lead 3 (calliope) _ 1,Strings 1,19680,80
12.857129999999998,0.8997243749999999,49,127,Strings,Lead 3 (calliope) _ 1,Strings 1,18720,1310
14.175809999999998,0.0700548750000003,60,127,Strings,Lead 3 (calliope) _ 1,Strings 1,20640,102
14.175809999999998,0.07692300000000074,65,127,Strings,Lead 3 (calliope) _ 1,Strings 1,20640,112
14.175809999999998,0.07692300000000074,68,124,Strings,Lead 3 (calliope) _ 1,Strings 1,20640,112
14.505479999999999,0.06868124999999914,60,127,Strings,Lead 3 (calliope) _ 1,Strings 1,21120,100
14.505479999999999,0.07692299999999896,68,127,Strings,Lead 3 (calliope) _ 1,Strings 1,21120,112
14.505479999999999,0.07692299999999896,65,127,Strings,Lead 3 (calliope) _ 1,Strings 1,21120,112
15.164819999999999,0.05288456249999918,60,127,Strings,Lead 3 (calliope) _ 1,Strings 1,22080,77
15.164819999999999,0.06181312499999869,68,108,Strings,Lead 3 (calliope) _ 1,Strings 1,22080,90
15.164819999999999,0.0700548750000003,65,127,Strings,Lead 3 (calliope) _ 1,Strings 1,22080,102
15.494489999999999,0.06181312499999869,68,121,Strings,Lead 3 (calliope) _ 1,Strings 1,22560,90
15.494489999999999,0.06181312499999869,60,127,Strings,Lead 3 (calliope) _ 1,Strings 1,22560,90
15.494489999999999,0.06181312499999869,65,127,Strings,Lead 3 (calliope) _ 1,Strings 1,22560,90
16.15383,0.05975268749999785,60,127,Strings,Lead 3 (calliope) _ 1,Strings 1,23520,87
16.15383,0.06868124999999736,65,127,Strings,Lead 3 (calliope) _ 1,Strings 1,23520,100
16.15383,0.07554937499999781,68,113,Strings,Lead 3 (calliope) _ 1,Strings 1,23520,110
16.4835,0.06181312500000047,60,127,Strings,Lead 3 (calliope) _ 1,Strings 1,24000,90
16.4835,0.06868124999999736,65,127,Strings,Lead 3 (calliope) _ 1,Strings 1,24000,100
16.4835,0.07692299999999719,68,126,Strings,Lead 3 (calliope) _ 1,Strings 1,24000,112
16.81317,0.22321406249999853,60,127,Strings,Lead 3 (calliope) _ 1,Strings 1,24480,325
16.81317,0.2383239374999988,56,127,Strings,Lead 3 (calliope) _ 1,Strings 1,24480,347
17.14284,0.05975268749999785,60,127,Strings,Lead 3 (calliope) _ 1,Strings 1,24960,87
17.14284,0.06868124999999736,68,115,Strings,Lead 3 (calliope) _ 1,Strings 1,24960,100
17.14284,0.07554937499999781,65,127,Strings,Lead 3 (calliope) _ 1,Strings 1,24960,110
17.47251,0.03777468749999713,68,95,Strings,Lead 3 (calliope) _ 1,Strings 1,25440,55
17.47251,0.05494500000000002,65,127,Strings,Lead 3 (calliope) _ 1,Strings 1,25440,80
17.47251,0.061813124999996916,60,127,Strings,Lead 3 (calliope) _ 1,Strings 1,25440,90
17.802179999999996,0.37774687500000326,58,126,Strings,Lead 3 (calliope) _ 1,Strings 1,25920,550
18.131849999999996,0.05288456250000095,67,127,Strings,Lead 3 (calliope) _ 1,Strings 1,26400,77
17.802179999999996,0.38461500000000015,62,127,Strings,Lead 3 (calliope) _ 1,Strings 1,25920,560
18.461519999999997,0.04601643750000051,62,127,Strings,Lead 3 (calliope) _ 1,Strings 1,26880,67
18.461519999999997,0.05494500000000002,58,122,Strings,Lead 3 (calliope) _ 1,Strings 1,26880,80
18.791189999999997,0.2541206250000023,56,114,Strings,Lead 3 (calliope) _ 1,Strings 1,27360,370
18.791189999999997,0.2541206250000023,62,127,Strings,Lead 3 (calliope) _ 1,Strings 1,27360,370
18.791189999999997,0.2541206250000023,65,116,Strings,Lead 3 (calliope) _ 1,Strings 1,27360,370
20.109869999999997,0.04601643750000051,63,127,Strings,Lead 3 (calliope) _ 1,Strings 1,29280,67
20.109869999999997,0.05288456250000095,58,127,Strings,Lead 3 (calliope) _ 1,Strings 1,29280,77
20.109869999999997,0.05494500000000002,67,116,Strings,Lead 3 (calliope) _ 1,Strings 1,29280,80
20.439539999999997,0.05288456250000095,63,127,Strings,Lead 3 (calliope) _ 1,Strings 1,29760,77
20.439539999999997,0.05288456250000095,67,127,Strings,Lead 3 (calliope) _ 1,Strings 1,29760,77
20.439539999999997,0.05288456250000095,58,127,Strings,Lead 3 (calliope) _ 1,Strings 1,29760,77
19.780199999999997,0.8770595625000013,51,127,Strings,Lead 3 (calliope) _ 1,Strings 1,28800,1277
21.098879999999998,0.04601643750000051,62,127,Strings,Lead 3 (calliope) _ 1,Strings 1,30720,67
21.098879999999998,0.06181312500000047,68,127,Strings,Lead 3 (calliope) _ 1,Strings 1,30720,90
21.098879999999998,0.06868125000000092,65,127,Strings,Lead 3 (calliope) _ 1,Strings 1,30720,100
21.428549999999998,0.06868125000000092,68,115,Strings,Lead 3 (calliope) _ 1,Strings 1,31200,100
21.428549999999998,0.06868125000000092,62,127,Strings,Lead 3 (calliope) _ 1,Strings 1,31200,100
21.428549999999998,0.06868125000000092,65,127,Strings,Lead 3 (calliope) _ 1,Strings 1,31200,100
20.769209999999998,0.8770595625000013,50,127,Strings,Lead 3 (calliope) _ 1,Strings 1,30240,1277
22.087889999999998,0.05494500000000002,63,127,Strings,Lead 3 (calliope) _ 1,Strings 1,32160,80
22.087889999999998,0.05494500000000002,58,127,Strings,Lead 3 (calliope) _ 1,Strings 1,32160,80
22.087889999999998,0.0700548750000003,67,127,Strings,Lead 3 (calliope) _ 1,Strings 1,32160,102
22.417559999999998,0.05975268749999785,58,127,Strings,Lead 3 (calliope) _ 1,Strings 1,32640,87
22.417559999999998,0.06868125000000092,63,127,Strings,Lead 3 (calliope) _ 1,Strings 1,32640,100
22.417559999999998,0.08379112499999763,67,127,Strings,Lead 3 (calliope) _ 1,Strings 1,32640,122
21.758219999999998,0.7623618749999999,51,127,Strings,Lead 3 (calliope) _ 1,Strings 1,31680,1110
23.0769,0.0528845624999974,63,127,Strings,Lead 3 (calliope) _ 1,Strings 1,33600,77
23.0769,0.0528845624999974,58,127,Strings,Lead 3 (calliope) _ 1,Strings 1,33600,77
23.0769,0.07692300000000074,67,126,Strings,Lead 3 (calliope) _ 1,Strings 1,33600,112
23.40657,0.0528845624999974,63,127,Strings,Lead 3 (calliope) _ 1,Strings 1,34080,77
23.40657,0.0528845624999974,58,127,Strings,Lead 3 (calliope) _ 1,Strings 1,34080,77
23.40657,0.07554937499999781,67,127,Strings,Lead 3 (calliope) _ 1,Strings 1,34080,110
24.06591,0.0528845624999974,63,127,Strings,Lead 3 (calliope) _ 1,Strings 1,35040,77
24.06591,0.0528845624999974,58,126,Strings,Lead 3 (calliope) _ 1,Strings 1,35040,77
24.06591,0.06868124999999736,67,127,Strings,Lead 3 (calliope) _ 1,Strings 1,35040,100
24.39558,0.061813124999996916,58,124,Strings,Lead 3 (calliope) _ 1,Strings 1,35520,90
24.39558,0.061813124999996916,67,127,Strings,Lead 3 (calliope) _ 1,Strings 1,35520,90
24.39558,0.08379112499999763,63,127,Strings,Lead 3 (calliope) _ 1,Strings 1,35520,122
23.73624,0.8619496874999975,51,127,Strings,Lead 3 (calliope) _ 1,Strings 1,34560,1255
25.054919999999996,0.04601643750000051,59,125,Strings,Lead 3 (calliope) _ 1,Strings 1,36480,67
25.054919999999996,0.04601643750000051,62,127,Strings,Lead 3 (calliope) _ 1,Strings 1,36480,67
25.054919999999996,0.06181312500000047,65,127,Strings,Lead 3 (calliope) _ 1,Strings 1,36480,90
25.384589999999996,0.05494500000000002,62,127,Strings,Lead 3 (calliope) _ 1,Strings 1,36960,80
25.384589999999996,0.06181312500000047,59,127,Strings,Lead 3 (calliope) _ 1,Strings 1,36960,90
25.384589999999996,0.07692300000000074,65,127,Strings,Lead 3 (calliope) _ 1,Strings 1,36960,112
24.725249999999996,0.8241750000000003,50,127,Strings,Lead 3 (calliope) _ 1,Strings 1,36000,1200
26.043929999999996,0.05494500000000002,63,127,Strings,Lead 3 (calliope) _ 1,Strings 1,37920,80
26.043929999999996,0.05494500000000002,58,127,Strings,Lead 3 (calliope) _ 1,Strings 1,37920,80
26.043929999999996,0.0700548750000003,67,127,Strings,Lead 3 (calliope) _ 1,Strings 1,37920,102
26.373599999999996,0.06181312500000047,58,127,Strings,Lead 3 (calliope) _ 1,Strings 1,38400,90
26.373599999999996,0.0700548750000003,67,127,Strings,Lead 3 (calliope) _ 1,Strings 1,38400,102
26.373599999999996,0.0700548750000003,63,127,Strings,Lead 3 (calliope) _ 1,Strings 1,38400,102
25.714259999999996,0.9546693750000017,51,127,Strings,Lead 3 (calliope) _ 1,Strings 1,37440,1390
27.032939999999996,0.06181312500000047,61,127,Strings,Lead 3 (calliope) _ 1,Strings 1,39360,90
27.032939999999996,0.06181312500000047,58,127,Strings,Lead 3 (calliope) _ 1,Strings 1,39360,90
27.032939999999996,0.07692300000000074,65,127,Strings,Lead 3 (calliope) _ 1,Strings 1,39360,112
27.362609999999997,0.05288456250000095,58,127,Strings,Lead 3 (calliope) _ 1,Strings 1,39840,77
27.362609999999997,0.05288456250000095,61,127,Strings,Lead 3 (calliope) _ 1,Strings 1,39840,77
27.362609999999997,0.06868125000000092,65,127,Strings,Lead 3 (calliope) _ 1,Strings 1,39840,100
28.021949999999997,0.06181312500000047,62,127,Strings,Lead 3 (calliope) _ 1,Strings 1,40800,90
28.021949999999997,0.06868125000000092,58,127,Strings,Lead 3 (calliope) _ 1,Strings 1,40800,100
28.021949999999997,0.08379112500000119,67,127,Strings,Lead 3 (calliope) _ 1,Strings 1,40800,122
28.351619999999997,0.04601643750000051,62,127,Strings,Lead 3 (calliope) _ 1,Strings 1,41280,67
28.351619999999997,0.05494500000000002,58,127,Strings,Lead 3 (calliope) _ 1,Strings 1,41280,80
28.351619999999997,0.06181312500000047,67,107,Strings,Lead 3 (calliope) _ 1,Strings 1,41280,90
29.010959999999997,0.06868125000000092,62,127,Strings,Lead 3 (calliope) _ 1,Strings 1,42240,100
29.010959999999997,0.06868125000000092,66,127,Strings,Lead 3 (calliope) _ 1,Strings 1,42240,100
29.010959999999997,0.06868125000000092,60,127,Strings,Lead 3 (calliope) _ 1,Strings 1,42240,100
29.340629999999997,0.06181312500000047,60,127,Strings,Lead 3 (calliope) _ 1,Strings 1,42720,90
29.340629999999997,0.06181312500000047,62,127,Strings,Lead 3 (calliope) _ 1,Strings 1,42720,90
29.340629999999997,0.06181312500000047,66,127,Strings,Lead 3 (calliope) _ 1,Strings 1,42720,90
28.681289999999997,0.8530211249999979,50,127,Strings,Lead 3 (calliope) _ 1,Strings 1,41760,1242
29.999969999999998,0.04601643750000051,62,127,Strings,Lead 3 (calliope) _ 1,Strings 1,43680,67
29.999969999999998,0.0528845624999974,67,127,Strings,Lead 3 (calliope) _ 1,Strings 1,43680,77
29.999969999999998,0.06868124999999736,58,127,Strings,Lead 3 (calliope) _ 1,Strings 1,43680,100
30.329639999999998,0.04601643750000051,62,127,Strings,Lead 3 (calliope) _ 1,Strings 1,44160,67
30.329639999999998,0.06181312500000047,67,127,Strings,Lead 3 (calliope) _ 1,Strings 1,44160,90
30.329639999999998,0.06181312500000047,58,127,Strings,Lead 3 (calliope) _ 1,Strings 1,44160,90
30.988979999999998,0.046016437499996954,62,127,Strings,Lead 3 (calliope) _ 1,Strings 1,45120,67
30.988979999999998,0.046016437499996954,60,127,Strings,Lead 3 (calliope) _ 1,Strings 1,45120,67
30.988979999999998,0.061813124999996916,66,127,Strings,Lead 3 (calliope) _ 1,Strings 1,45120,90
31.318649999999998,0.061813124999996916,60,127,Strings,Lead 3 (calliope) _ 1,Strings 1,45600,90
31.318649999999998,0.061813124999996916,62,127,Strings,Lead 3 (calliope) _ 1,Strings 1,45600,90
31.318649999999998,0.061813124999996916,66,127,Strings,Lead 3 (calliope) _ 1,Strings 1,45600,90
30.659309999999998,0.8756859374999983,50,127,Strings,Lead 3 (calliope) _ 1,Strings 1,44640,1275
31.64832,0.10645593749999804,58,124,Strings,Lead 3 (calliope) _ 1,Strings 1,46080,155
31.64832,0.10645593749999804,62,127,Strings,Lead 3 (calliope) _ 1,Strings 1,46080,155
31.64832,0.12156581249999832,67,127,Strings,Lead 3 (calliope) _ 1,Strings 1,46080,177
31.977989999999995,0.0700548750000003,58,127,Strings,Lead 3 (calliope) _ 1,Strings 1,46560,102
31.977989999999995,0.08585156250000026,62,127,Strings,Lead 3 (calliope) _ 1,Strings 1,46560,125
31.977989999999995,0.09958781250000115,67,127,Strings,Lead 3 (calliope) _ 1,Strings 1,46560,145
32.30766,0.06868124999999736,58,127,Strings,Lead 3 (calliope) _ 1,Strings 1,47040,100
32.30766,0.06868124999999736,62,127,Strings,Lead 3 (calliope) _ 1,Strings 1,47040,100
32.30766,0.06868124999999736,66,127,Strings,Lead 3 (calliope) _ 1,Strings 1,47040,100
32.63733,0.09065924999999453,62,127,Strings,Lead 3 (calliope) _ 1,Strings 1,47520,132
32.63733,0.10645593749999449,67,127,Strings,Lead 3 (calliope) _ 1,Strings 1,47520,155
32.63733,0.10645593749999449,58,127,Strings,Lead 3 (calliope) _ 1,Strings 1,47520,155
32.967,0.0927196875000007,66,127,Strings,Lead 3 (calliope) _ 1,Strings 1,48000,135
32.967,0.10645593749999449,62,127,Strings,Lead 3 (calliope) _ 1,Strings 1,48000,155
32.967,0.12156581249999476,58,127,Strings,Lead 3 (calliope) _ 1,Strings 1,48000,177
33.29667,0.07692300000000074,62,127,Strings,Lead 3 (calliope) _ 1,Strings 1,48480,112
33.29667,0.0927196875000007,58,125,Strings,Lead 3 (calliope) _ 1,Strings 1,48480,135
33.29667,0.10096143749999698,67,127,Strings,Lead 3 (calliope) _ 1,Strings 1,48480,147
33.62634,0.0927196875000007,62,127,Strings,Lead 3 (calliope) _ 1,Strings 1,48960,135
33.62634,0.10782956249999387,67,126,Strings,Lead 3 (calliope) _ 1,Strings 1,48960,157
33.62634,0.10782956249999387,58,116,Strings,Lead 3 (calliope) _ 1,Strings 1,48960,157
33.95601,0.08379112499999763,62,127,Strings,Lead 3 (calliope) _ 1,Strings 1,49440,122
33.95601,0.0995878124999976,58,127,Strings,Lead 3 (calliope) _ 1,Strings 1,49440,145
33.95601,0.0995878124999976,67,126,Strings,Lead 3 (calliope) _ 1,Strings 1,49440,145
34.28568,0.07692299999999364,60,127,Strings,Lead 3 (calliope) _ 1,Strings 1,49920,112
34.28568,0.0927196874999936,66,127,Strings,Lead 3 (calliope) _ 1,Strings 1,49920,135
34.28568,0.0927196874999936,62,127,Strings,Lead 3 (calliope) _ 1,Strings 1,49920,135
34.61535,0.0927196874999936,67,127,Strings,Lead 3 (calliope) _ 1,Strings 1,50400,135
34.61535,0.11675812499999694,58,127,Strings,Lead 3 (calliope) _ 1,Strings 1,50400,170
34.61535,0.11675812499999694,62,127,Strings,Lead 3 (calliope) _ 1,Strings 1,50400,170
35.93402999999999,0.052884562500004506,63,127,Strings,Lead 3 (calliope) _ 1,Strings 1,52320,77
35.93402999999999,0.052884562500004506,58,127,Strings,Lead 3 (calliope) _ 1,Strings 1,52320,77
35.93402999999999,0.07554937500000136,67,127,Strings,Lead 3 (calliope) _ 1,Strings 1,52320,110
36.26369999999999,0.06181312500000047,63,127,Strings,Lead 3 (calliope) _ 1,Strings 1,52800,90
36.26369999999999,0.06181312500000047,58,127,Strings,Lead 3 (calliope) _ 1,Strings 1,52800,90
36.26369999999999,0.07692300000000074,67,127,Strings,Lead 3 (calliope) _ 1,Strings 1,52800,112
36.92303999999999,0.037774687500004234,63,127,Strings,Lead 3 (calliope) _ 1,Strings 1,53760,55
36.92303999999999,0.052884562500004506,58,127,Strings,Lead 3 (calliope) _ 1,Strings 1,53760,77
36.92303999999999,0.07554937500000136,67,127,Strings,Lead 3 (calliope) _ 1,Strings 1,53760,110
37.25270999999999,0.06181312500000047,63,127,Strings,Lead 3 (calliope) _ 1,Strings 1,54240,90
37.25270999999999,0.06181312500000047,58,126,Strings,Lead 3 (calliope) _ 1,Strings 1,54240,90
37.25270999999999,0.06181312500000047,67,127,Strings,Lead 3 (calliope) _ 1,Strings 1,54240,90
37.912049999999994,0.06868125000000447,60,127,Strings,Lead 3 (calliope) _ 1,Strings 1,55200,100
37.912049999999994,0.07692300000000074,56,111,Strings,Lead 3 (calliope) _ 1,Strings 1,55200,112
37.912049999999994,0.07692300000000074,65,127,Strings,Lead 3 (calliope) _ 1,Strings 1,55200,112
38.241719999999994,0.04601643750000051,60,127,Strings,Lead 3 (calliope) _ 1,Strings 1,55680,67
38.241719999999994,0.054945000000003574,56,120,Strings,Lead 3 (calliope) _ 1,Strings 1,55680,80
38.241719999999994,0.06181312500000047,65,127,Strings,Lead 3 (calliope) _ 1,Strings 1,55680,90
38.901059999999994,0.052884562500004506,65,127,Strings,Lead 3 (calliope) _ 1,Strings 1,56640,77
38.901059999999994,0.052884562500004506,62,127,Strings,Lead 3 (calliope) _ 1,Strings 1,56640,77
38.901059999999994,0.06868125000000447,58,120,Strings,Lead 3 (calliope) _ 1,Strings 1,56640,100
39.230729999999994,0.06181312500000047,65,127,Strings,Lead 3 (calliope) _ 1,Strings 1,57120,90
39.230729999999994,0.06181312500000047,62,127,Strings,Lead 3 (calliope) _ 1,Strings 1,57120,90
39.230729999999994,0.06181312500000047,58,127,Strings,Lead 3 (calliope) _ 1,Strings 1,57120,90
39.890069999999994,0.06868125000000447,56,116,Strings,Lead 3 (calliope) _ 1,Strings 1,58080,100
39.890069999999994,0.06868125000000447,60,127,Strings,Lead 3 (calliope) _ 1,Strings 1,58080,100
39.890069999999994,0.06868125000000447,65,127,Strings,Lead 3 (calliope) _ 1,Strings 1,58080,100
40.219739999999994,0.052884562500004506,65,127,Strings,Lead 3 (calliope) _ 1,Strings 1,58560,77
40.219739999999994,0.06181312500000047,60,127,Strings,Lead 3 (calliope) _ 1,Strings 1,58560,90
40.219739999999994,0.06181312500000047,56,125,Strings,Lead 3 (calliope) _ 1,Strings 1,58560,90
40.879079999999995,0.07692300000000074,62,127,Strings,Lead 3 (calliope) _ 1,Strings 1,59520,112
40.879079999999995,0.08379112499999763,65,127,Strings,Lead 3 (calliope) _ 1,Strings 1,59520,122
40.879079999999995,0.0995878124999976,56,108,Strings,Lead 3 (calliope) _ 1,Strings 1,59520,145
41.208749999999995,0.06868124999999736,62,127,Strings,Lead 3 (calliope) _ 1,Strings 1,60000,100
41.208749999999995,0.08379112499999763,65,127,Strings,Lead 3 (calliope) _ 1,Strings 1,60000,122
41.208749999999995,0.08379112499999763,56,120,Strings,Lead 3 (calliope) _ 1,Strings 1,60000,122
41.868089999999995,0.054945000000003574,63,127,Strings,Lead 3 (calliope) _ 1,Strings 1,60960,80
41.868089999999995,0.06181312500000047,58,127,Strings,Lead 3 (calliope) _ 1,Strings 1,60960,90
41.868089999999995,0.07005487499999674,67,118,Strings,Lead 3 (calliope) _ 1,Strings 1,60960,102
42.197759999999995,0.0528845624999974,63,127,Strings,Lead 3 (calliope) _ 1,Strings 1,61440,77
42.197759999999995,0.06181312500000047,67,127,Strings,Lead 3 (calliope) _ 1,Strings 1,61440,90
42.197759999999995,0.06181312500000047,58,127,Strings,Lead 3 (calliope) _ 1,Strings 1,61440,90
42.857099999999996,0.06181312500000047,63,127,Strings,Lead 3 (calliope) _ 1,Strings 1,62400,90
42.857099999999996,0.06181312500000047,58,124,Strings,Lead 3 (calliope) _ 1,Strings 1,62400,90
42.857099999999996,0.0858515624999967,67,127,Strings,Lead 3 (calliope) _ 1,Strings 1,62400,125
43.186769999999996,0.0597526875000014,63,127,Strings,Lead 3 (calliope) _ 1,Strings 1,62880,87
43.186769999999996,0.0597526875000014,67,127,Strings,Lead 3 (calliope) _ 1,Strings 1,62880,87
43.186769999999996,0.0597526875000014,58,127,Strings,Lead 3 (calliope) _ 1,Strings 1,62880,87
43.846109999999996,0.06181312500000047,63,127,Strings,Lead 3 (calliope) _ 1,Strings 1,63840,90
43.846109999999996,0.06181312500000047,58,127,Strings,Lead 3 (calliope) _ 1,Strings 1,63840,90
43.846109999999996,0.06868124999999736,67,127,Strings,Lead 3 (calliope) _ 1,Strings 1,63840,100
44.175779999999996,0.0597526875000014,63,127,Strings,Lead 3 (calliope) _ 1,Strings 1,64320,87
44.175779999999996,0.0597526875000014,67,127,Strings,Lead 3 (calliope) _ 1,Strings 1,64320,87
44.175779999999996,0.07554937500000136,58,127,Strings,Lead 3 (calliope) _ 1,Strings 1,64320,110
44.835119999999996,0.06181312500000047,62,127,Strings,Lead 3 (calliope) _ 1,Strings 1,65280,90
44.835119999999996,0.07005487499999674,58,124,Strings,Lead 3 (calliope) _ 1,Strings 1,65280,102
44.835119999999996,0.07005487499999674,65,127,Strings,Lead 3 (calliope) _ 1,Strings 1,65280,102
45.164789999999996,0.03914831249999651,62,127,Strings,Lead 3 (calliope) _ 1,Strings 1,65760,57
45.164789999999996,0.03914831249999651,65,127,Strings,Lead 3 (calliope) _ 1,Strings 1,65760,57
45.164789999999996,0.06181312500000047,58,127,Strings,Lead 3 (calliope) _ 1,Strings 1,65760,90
45.82413,0.05494499999999647,60,127,Strings,Lead 3 (calliope) _ 1,Strings 1,66720,80
45.82413,0.07005487499999674,65,127,Strings,Lead 3 (calliope) _ 1,Strings 1,66720,102
45.82413,0.07692300000000074,56,121,Strings,Lead 3 (calliope) _ 1,Strings 1,66720,112
46.1538,0.06868124999999736,60,127,Strings,Lead 3 (calliope) _ 1,Strings 1,67200,100
46.1538,0.06868124999999736,65,127,Strings,Lead 3 (calliope) _ 1,Strings 1,67200,100
46.1538,0.07692300000000074,56,113,Strings,Lead 3 (calliope) _ 1,Strings 1,67200,112
46.81314,0.08379112499999763,58,127,Strings,Lead 3 (calliope) _ 1,Strings 1,68160,122
46.81314,0.08379112499999763,62,127,Strings,Lead 3 (calliope) _ 1,Strings 1,68160,122
46.81314,0.0995878124999976,56,117,Strings,Lead 3 (calliope) _ 1,Strings 1,68160,145
47.14281,0.07005487499999674,62,127,Strings,Lead 3 (calliope) _ 1,Strings 1,68640,102
47.14281,0.07005487499999674,58,127,Strings,Lead 3 (calliope) _ 1,Strings 1,68640,102
47.14281,0.0858515624999967,56,114,Strings,Lead 3 (calliope) _ 1,Strings 1,68640,125
47.47248,0.32967000000000013,59,127,Strings,Lead 3 (calliope) _ 1,Strings 1,69120,480
47.47248,0.554257687499998,56,121,Strings,Lead 3 (calliope) _ 1,Strings 1,69120,807
47.80215,0.41552156249999683,59,99,Strings,Lead 3 (calliope) _ 1,Strings 1,69600,605
47.47248,0.8001365625000005,63,127,Strings,Lead 3 (calliope) _ 1,Strings 1,69120,1165
48.46149,0.13049437499999783,58,127,Strings,Lead 3 (calliope) _ 1,Strings 1,70560,190
48.46149,0.5920323749999952,56,126,Strings,Lead 3 (calliope) _ 1,Strings 1,70560,862
48.626324999999994,0.576922500000002,58,95,Strings,Lead 3 (calliope) _ 1,Strings 1,70800,840
48.46149,0.7760981249999972,64,127,Strings,Lead 3 (calliope) _ 1,Strings 1,70560,1130
48.46149,0.7912079999999975,61,127,Strings,Lead 3 (calliope) _ 1,Strings 1,70560,1152
49.12083,0.16964268749999434,56,95,Strings,Lead 3 (calliope) _ 1,Strings 1,71520,247
49.45049999999999,0.7156586250000032,65,127,Strings,Lead 3 (calliope) _ 1,Strings 1,72000,1042
49.45049999999999,0.7396970625000066,58,127,Strings,Lead 3 (calliope) _ 1,Strings 1,72000,1077
49.45049999999999,0.7396970625000066,61,127,Strings,Lead 3 (calliope) _ 1,Strings 1,72000,1077
50.43950999999999,0.11675812500000404,58,127,Strings,Lead 3 (calliope) _ 1,Strings 1,73440,170
50.43950999999999,0.11675812500000404,62,127,Strings,Lead 3 (calliope) _ 1,Strings 1,73440,170
50.43950999999999,0.11675812500000404,56,127,Strings,Lead 3 (calliope) _ 1,Strings 1,73440,170
51.75818999999999,0.04601643750000051,63,121,Strings,Lead 3 (calliope) _ 1,Strings 1,75360,67
51.75818999999999,0.04601643750000051,67,118,Strings,Lead 3 (calliope) _ 1,Strings 1,75360,67
51.75818999999999,0.06181312500000047,58,125,Strings,Lead 3 (calliope) _ 1,Strings 1,75360,90
52.08785999999999,0.03914831250000361,67,125,Strings,Lead 3 (calliope) _ 1,Strings 1,75840,57
52.08785999999999,0.07005487500000385,58,127,Strings,Lead 3 (calliope) _ 1,Strings 1,75840,102
52.08785999999999,0.07692300000000074,63,127,Strings,Lead 3 (calliope) _ 1,Strings 1,75840,112
52.74719999999999,0.04464281250000113,67,120,Strings,Lead 3 (calliope) _ 1,Strings 1,76800,65
52.74719999999999,0.052884562500004506,58,124,Strings,Lead 3 (calliope) _ 1,Strings 1,76800,77
52.74719999999999,0.06868125000000447,63,127,Strings,Lead 3 (calliope) _ 1,Strings 1,76800,100
53.07686999999999,0.04601643750000051,67,109,Strings,Lead 3 (calliope) _ 1,Strings 1,77280,67
53.07686999999999,0.06181312500000047,63,127,Strings,Lead 3 (calliope) _ 1,Strings 1,77280,90
53.07686999999999,0.07005487500000385,58,127,Strings,Lead 3 (calliope) _ 1,Strings 1,77280,102
53.73620999999999,0.06181312500000047,60,127,Strings,Lead 3 (calliope) _ 1,Strings 1,78240,90
53.73620999999999,0.07692300000000074,65,124,Strings,Lead 3 (calliope) _ 1,Strings 1,78240,112
53.73620999999999,0.07692300000000074,56,117,Strings,Lead 3 (calliope) _ 1,Strings 1,78240,112
54.06587999999999,0.052884562500004506,60,127,Strings,Lead 3 (calliope) _ 1,Strings 1,78720,77
54.06587999999999,0.052884562500004506,65,119,Strings,Lead 3 (calliope) _ 1,Strings 1,78720,77
54.06587999999999,0.06868125000000447,56,114,Strings,Lead 3 (calliope) _ 1,Strings 1,78720,100
54.72521999999999,0.07005487500000385,56,112,Strings,Lead 3 (calliope) _ 1,Strings 1,79680,102
54.72521999999999,0.07005487500000385,62,127,Strings,Lead 3 (calliope) _ 1,Strings 1,79680,102
54.72521999999999,0.07005487500000385,58,127,Strings,Lead 3 (calliope) _ 1,Strings 1,79680,102
55.05488999999999,0.07692300000000074,56,124,Strings,Lead 3 (calliope) _ 1,Strings 1,80160,112
55.05488999999999,0.07692300000000074,62,127,Strings,Lead 3 (calliope) _ 1,Strings 1,80160,112
55.05488999999999,0.07692300000000074,58,127,Strings,Lead 3 (calliope) _ 1,Strings 1,80160,112
55.71422999999999,0.06181312500000047,60,127,Strings,Lead 3 (calliope) _ 1,Strings 1,81120,90
55.71422999999999,0.07005487499999674,56,116,Strings,Lead 3 (calliope) _ 1,Strings 1,81120,102
55.71422999999999,0.07005487499999674,65,126,Strings,Lead 3 (calliope) _ 1,Strings 1,81120,102
56.043899999999994,0.04464281250000113,60,127,Strings,Lead 3 (calliope) _ 1,Strings 1,81600,65
56.043899999999994,0.0528845624999974,56,124,Strings,Lead 3 (calliope) _ 1,Strings 1,81600,77
56.043899999999994,0.0528845624999974,65,120,Strings,Lead 3 (calliope) _ 1,Strings 1,81600,77
56.703239999999994,0.07692300000000074,56,113,Strings,Lead 3 (calliope) _ 1,Strings 1,82560,112
56.703239999999994,0.07692300000000074,62,127,Strings,Lead 3 (calliope) _ 1,Strings 1,82560,112
56.703239999999994,0.07692300000000074,58,127,Strings,Lead 3 (calliope) _ 1,Strings 1,82560,112
57.032909999999994,0.0597526875000014,58,127,Strings,Lead 3 (calliope) _ 1,Strings 1,83040,87
57.032909999999994,0.07692300000000074,62,127,Strings,Lead 3 (calliope) _ 1,Strings 1,83040,112
57.032909999999994,0.08379112499999763,56,114,Strings,Lead 3 (calliope) _ 1,Strings 1,83040,122
57.692249999999994,0.07005487499999674,58,122,Strings,Lead 3 (calliope) _ 1,Strings 1,84000,102
57.692249999999994,0.07692300000000074,55,127,Strings,Lead 3 (calliope) _ 1,Strings 1,84000,112
57.692249999999994,0.07692300000000074,63,107,Strings,Lead 3 (calliope) _ 1,Strings 1,84000,112
58.021919999999994,0.06868124999999736,58,127,Strings,Lead 3 (calliope) _ 1,Strings 1,84480,100
58.021919999999994,0.07692300000000074,55,127,Strings,Lead 3 (calliope) _ 1,Strings 1,84480,112
58.021919999999994,0.08379112499999763,63,124,Strings,Lead 3 (calliope) _ 1,Strings 1,84480,122
58.681259999999995,0.05494499999999647,58,127,Strings,Lead 3 (calliope) _ 1,Strings 1,85440,80
58.681259999999995,0.07005487499999674,63,116,Strings,Lead 3 (calliope) _ 1,Strings 1,85440,102
58.681259999999995,0.07692300000000074,55,111,Strings,Lead 3 (calliope) _ 1,Strings 1,85440,112
59.010929999999995,0.06868124999999736,55,122,Strings,Lead 3 (calliope) _ 1,Strings 1,85920,100
59.010929999999995,0.06868124999999736,58,126,Strings,Lead 3 (calliope) _ 1,Strings 1,85920,100
59.010929999999995,0.08379112499999763,63,116,Strings,Lead 3 (calliope) _ 1,Strings 1,85920,122
59.670269999999995,0.0528845624999974,62,127,Strings,Lead 3 (calliope) _ 1,Strings 1,86880,77
59.670269999999995,0.0528845624999974,58,127,Strings,Lead 3 (calliope) _ 1,Strings 1,86880,77
59.670269999999995,0.0528845624999974,55,124,Strings,Lead 3 (calliope) _ 1,Strings 1,86880,77
59.999939999999995,0.06181312500000047,58,127,Strings,Lead 3 (calliope) _ 1,Strings 1,87360,90
59.999939999999995,0.07005487499999674,62,127,Strings,Lead 3 (calliope) _ 1,Strings 1,87360,102
59.999939999999995,0.07005487499999674,55,127,Strings,Lead 3 (calliope) _ 1,Strings 1,87360,102
60.659279999999995,0.06868124999999736,58,127,Strings,Lead 3 (calliope) _ 1,Strings 1,88320,100
60.659279999999995,0.06868124999999736,55,124,Strings,Lead 3 (calliope) _ 1,Strings 1,88320,100
60.659279999999995,0.07692300000000074,62,127,Strings,Lead 3 (calliope) _ 1,Strings 1,88320,112
60.988949999999996,0.07692300000000074,55,127,Strings,Lead 3 (calliope) _ 1,Strings 1,88800,112
60.988949999999996,0.07692300000000074,58,126,Strings,Lead 3 (calliope) _ 1,Strings 1,88800,112
60.988949999999996,0.07692300000000074,63,127,Strings,Lead 3 (calliope) _ 1,Strings 1,88800,112
61.648289999999996,0.07005487499999674,60,127,Strings,Lead 3 (calliope) _ 1,Strings 1,89760,102
61.648289999999996,0.07005487499999674,63,127,Strings,Lead 3 (calliope) _ 1,Strings 1,89760,102
61.648289999999996,0.07005487499999674,56,127,Strings,Lead 3 (calliope) _ 1,Strings 1,89760,102
61.977959999999996,0.05494499999999647,60,127,Strings,Lead 3 (calliope) _ 1,Strings 1,90240,80
61.977959999999996,0.07005487499999674,56,117,Strings,Lead 3 (calliope) _ 1,Strings 1,90240,102
61.977959999999996,0.07005487499999674,63,122,Strings,Lead 3 (calliope) _ 1,Strings 1,90240,102
62.637299999999996,0.06868124999999736,62,127,Strings,Lead 3 (calliope) _ 1,Strings 1,91200,100
62.637299999999996,0.06868124999999736,58,127,Strings,Lead 3 (calliope) _ 1,Strings 1,91200,100
62.637299999999996,0.08379112499999763,56,121,Strings,Lead 3 (calliope) _ 1,Strings 1,91200,122
62.966969999999996,0.05494499999999647,62,127,Strings,Lead 3 (calliope) _ 1,Strings 1,91680,80
62.966969999999996,0.05494499999999647,58,120,Strings,Lead 3 (calliope) _ 1,Strings 1,91680,80
62.966969999999996,0.07692299999999364,56,116,Strings,Lead 3 (calliope) _ 1,Strings 1,91680,112
63.29664,0.729394874999997,63,127,Strings,Lead 3 (calliope) _ 1,Strings 1,92160,1062
63.29664,0.729394874999997,55,127,Strings,Lead 3 (calliope) _ 1,Strings 1,92160,1062
63.29664,0.7465651874999963,58,127,Strings,Lead 3 (calliope) _ 1,Strings 1,92160,1087
64.28564999999999,0.17651081249999834,55,120,Strings,Lead 3 (calliope) _ 1,Strings 1,93600,257
64.28564999999999,0.6524718750000034,64,124,Strings,Lead 3 (calliope) _ 1,Strings 1,93600,950
64.28564999999999,0.6675817499999965,58,127,Strings,Lead 3 (calliope) _ 1,Strings 1,93600,972
64.28564999999999,0.6675817499999965,61,127,Strings,Lead 3 (calliope) _ 1,Strings 1,93600,972
65.27466,0.04601643750000051,56,127,Strings,Lead 3 (calliope) _ 1,Strings 1,95040,67
65.27466,0.04601643750000051,58,127,Strings,Lead 3 (calliope) _ 1,Strings 1,95040,67
65.27466,0.06181312500000047,62,127,Strings,Lead 3 (calliope) _ 1,Strings 1,95040,90
65.27466,0.07692299999999364,65,127,Strings,Lead 3 (calliope) _ 1,Strings 1,95040,112
65.934,0.05494499999998936,65,127,Strings,Lead 3 (calliope) _ 1,Strings 1,96000,80
65.934,0.06181312500000047,56,127,Strings,Lead 3 (calliope) _ 1,Strings 1,96000,90
65.934,0.06181312500000047,62,127,Strings,Lead 3 (calliope) _ 1,Strings 1,96000,90
65.934,0.06181312500000047,58,127,Strings,Lead 3 (calliope) _ 1,Strings 1,96000,90
66.26366999999999,0.07005487499999674,67,127,Strings,Lead 3 (calliope) _ 1,Strings 1,96480,102
66.26366999999999,0.07692300000000785,63,127,Strings,Lead 3 (calliope) _ 1,Strings 1,96480,112
66.26366999999999,0.07692300000000785,58,127,Strings,Lead 3 (calliope) _ 1,Strings 1,96480,112
3.95604,0.2850271874999999,58,81,Strings Low,Lead 3 (calliope) _ 2,Strings 3,5760,415
4.28571,0.26923049999999993,63,81,Strings Low,Lead 3 (calliope) _ 2,Strings 3,6240,392
4.615379999999999,0.19917562500000052,67,81,Strings Low,Lead 3 (calliope) _ 2,Strings 3,6720,290
4.945049999999999,0.8070046875000001,68,81,Strings Low,Lead 3 (calliope) _ 2,Strings 3,7200,1175
5.769225,0.09065924999999986,67,81,Strings Low,Lead 3 (calliope) _ 2,Strings 3,8400,132
5.93406,1.6428554999999996,67,81,Strings Low,Lead 3 (calliope) _ 2,Strings 3,8640,2392
7.91208,0.2520601874999997,58,81,Strings Low,Lead 3 (calliope) _ 2,Strings 3,11520,367
8.24175,0.19917562499999875,63,81,Strings Low,Lead 3 (calliope) _ 2,Strings 3,12000,290
8.57142,0.19230750000000008,67,81,Strings Low,Lead 3 (calliope) _ 2,Strings 3,12480,280
8.901089999999998,0.26785687500000144,68,81,Strings Low,Lead 3 (calliope) _ 2,Strings 3,12960,390
9.230759999999998,0.4993126874999998,67,81,Strings Low,Lead 3 (calliope) _ 2,Strings 3,13440,727
9.725264999999998,0.08379112500000119,65,81,Strings Low,Lead 3 (calliope) _ 2,Strings 3,14160,122
9.890099999999999,0.6456037500000011,70,81,Strings Low,Lead 3 (calliope) _ 2,Strings 3,14400,940
10.549439999999999,0.38461500000000015,63,81,Strings Low,Lead 3 (calliope) _ 2,Strings 3,15360,560
11.208779999999999,0.16964268749999967,58,81,Strings Low,Lead 3 (calliope) _ 2,Strings 3,16320,247
11.373615,0.15247237500000033,60,81,Strings Low,Lead 3 (calliope) _ 2,Strings 3,16560,222
11.53845,0.1765108125000001,62,81,Strings Low,Lead 3 (calliope) _ 2,Strings 3,16800,257
11.703285,0.16964268749999967,63,81,Strings Low,Lead 3 (calliope) _ 2,Strings 3,17040,247
11.86812,0.19230750000000008,64,81,Strings Low,Lead 3 (calliope) _ 2,Strings 3,17280,280
12.032955,0.1765108125000001,67,81,Strings Low,Lead 3 (calliope) _ 2,Strings 3,17520,257
12.19779,0.16964268749999967,64,81,Strings Low,Lead 3 (calliope) _ 2,Strings 3,17760,247
12.362624999999998,0.1854393750000014,67,81,Strings Low,Lead 3 (calliope) _ 2,Strings 3,18000,270
12.527459999999998,0.3537084374999999,65,81,Strings Low,Lead 3 (calliope) _ 2,Strings 3,18240,515
13.186799999999998,0.1682690625000003,61,81,Strings Low,Lead 3 (calliope) _ 2,Strings 3,19200,245
13.351634999999998,0.1387361250000012,63,81,Strings Low,Lead 3 (calliope) _ 2,Strings 3,19440,202
13.516469999999998,0.1765108125000001,64,81,Strings Low,Lead 3 (calliope) _ 2,Strings 3,19680,257
13.681304999999998,0.20741737500000035,65,81,Strings Low,Lead 3 (calliope) _ 2,Strings 3,19920,302
13.846139999999998,0.16140093749999984,67,81,Strings Low,Lead 3 (calliope) _ 2,Strings 3,20160,235
14.010974999999998,0.16964268749999967,70,81,Strings Low,Lead 3 (calliope) _ 2,Strings 3,20400,247
14.175809999999998,0.16140093749999984,67,81,Strings Low,Lead 3 (calliope) _ 2,Strings 3,20640,235
14.340644999999999,0.19917562500000052,70,81,Strings Low,Lead 3 (calliope) _ 2,Strings 3,20880,290
14.505479999999999,0.285027187499999,68,81,Strings Low,Lead 3 (calliope) _ 2,Strings 3,21120,415
15.164819999999999,0.1765108125000001,65,81,Strings Low,Lead 3 (calliope) _ 2,Strings 3,22080,257
15.329654999999999,0.1765108125000001,67,81,Strings Low,Lead 3 (calliope) _ 2,Strings 3,22320,257
15.494489999999999,0.21634593749999986,68,81,Strings Low,Lead 3 (calliope) _ 2,Strings 3,22560,315
15.659324999999999,0.14560424999999988,70,81,Strings Low,Lead 3 (calliope) _ 2,Strings 3,22800,212
15.82416,0.20054924999999812,71,81,Strings Low,Lead 3 (calliope) _ 2,Strings 3,23040,292
15.988994999999997,0.2142855000000008,74,81,Strings Low,Lead 3 (calliope) _ 2,Strings 3,23280,312
16.15383,0.1785712499999974,72,81,Strings Low,Lead 3 (calliope) _ 2,Strings 3,23520,260
16.318665,0.1682690624999985,71,81,Strings Low,Lead 3 (calliope) _ 2,Strings 3,23760,245
16.4835,0.15247237499999855,72,81,Strings Low,Lead 3 (calliope) _ 2,Strings 3,24000,222
16.648335,0.17651081249999834,74,81,Strings Low,Lead 3 (calliope) _ 2,Strings 3,24240,257
16.81317,0.20741737499999857,77,81,Strings Low,Lead 3 (calliope) _ 2,Strings 3,24480,302
16.978005,0.1456042499999981,75,81,Strings Low,Lead 3 (calliope) _ 2,Strings 3,24720,212
17.14284,0.13873612499999766,74,81,Strings Low,Lead 3 (calliope) _ 2,Strings 3,24960,202
17.307675,0.2163459374999981,75,81,Strings Low,Lead 3 (calliope) _ 2,Strings 3,25200,315
17.47251,0.16140093749999807,72,81,Strings Low,Lead 3 (calliope) _ 2,Strings 3,25440,235
17.637344999999996,0.2232140625000021,68,81,Strings Low,Lead 3 (calliope) _ 2,Strings 3,25680,325
17.802179999999996,0.6387356250000025,67,81,Strings Low,Lead 3 (calliope) _ 2,Strings 3,25920,930
18.461519999999997,0.4601643750000015,65,81,Strings Low,Lead 3 (calliope) _ 2,Strings 3,26880,670
18.956024999999997,0.14560425000000166,64,81,Strings Low,Lead 3 (calliope) _ 2,Strings 3,27600,212
19.120859999999997,0.15453281250000117,63,81,Strings Low,Lead 3 (calliope) _ 2,Strings 3,27840,225
19.285694999999997,0.16140093750000162,62,81,Strings Low,Lead 3 (calliope) _ 2,Strings 3,28080,235
19.450529999999997,0.0013736249999993788,61,81,Strings Low,Lead 3 (calliope) _ 2,Strings 3,28320,2
19.450529999999997,0.13736250000000183,60,81,Strings Low,Lead 3 (calliope) _ 2,Strings 3,28320,200
19.615364999999997,0.18337893750000234,59,81,Strings Low,Lead 3 (calliope) _ 2,Strings 3,28560,267
19.780199999999997,0.33791174999999996,58,81,Strings Low,Lead 3 (calliope) _ 2,Strings 3,28800,492
20.109869999999997,0.3090656249999988,63,81,Strings Low,Lead 3 (calliope) _ 2,Strings 3,29280,450
20.439539999999997,0.3310436249999995,67,81,Strings Low,Lead 3 (calliope) _ 2,Strings 3,29760,482
20.769209999999998,0.7603014375000008,68,81,Strings Low,Lead 3 (calliope) _ 2,Strings 3,30240,1107
21.593384999999998,0.0927196875000007,67,81,Strings Low,Lead 3 (calliope) _ 2,Strings 3,31440,135
21.758219999999998,1.6874983125000007,67,81,Strings Low,Lead 3 (calliope) _ 2,Strings 3,31680,2457
23.73624,0.2987634374999999,58,81,Strings Low,Lead 3 (calliope) _ 2,Strings 3,34560,435
24.06591,0.2987634374999999,63,81,Strings Low,Lead 3 (calliope) _ 2,Strings 3,35040,435
24.39558,0.3228018749999997,67,81,Strings Low,Lead 3 (calliope) _ 2,Strings 3,35520,470
24.725249999999996,0.291895312500003,68,81,Strings Low,Lead 3 (calliope) _ 2,Strings 3,36000,425
25.054919999999996,0.5082412500000011,67,81,Strings Low,Lead 3 (calliope) _ 2,Strings 3,36480,740
25.549424999999996,0.13186800000000076,65,81,Strings Low,Lead 3 (calliope) _ 2,Strings 3,37200,192
25.714259999999996,0.6298070624999994,70,81,Strings Low,Lead 3 (calliope) _ 2,Strings 3,37440,917
26.373599999999996,0.3997248750000004,63,81,Strings Low,Lead 3 (calliope) _ 2,Strings 3,38400,582
27.032939999999996,0.1765108125000019,63,81,Strings Low,Lead 3 (calliope) _ 2,Strings 3,39360,257
27.197774999999996,0.19917562499999875,65,81,Strings Low,Lead 3 (calliope) _ 2,Strings 3,39600,290
27.362609999999997,0.19917562499999875,67,81,Strings Low,Lead 3 (calliope) _ 2,Strings 3,39840,290
27.527444999999997,0.16140093750000162,69,81,Strings Low,Lead 3 (calliope) _ 2,Strings 3,40080,235
27.692279999999997,0.1854393750000014,70,81,Strings Low,Lead 3 (calliope) _ 2,Strings 3,40320,270
27.857114999999997,0.15453281250000117,72,81,Strings Low,Lead 3 (calliope) _ 2,Strings 3,40560,225
28.021949999999997,0.17651081249999834,69,81,Strings Low,Lead 3 (calliope) _ 2,Strings 3,40800,257
28.186784999999997,0.1682690624999985,72,81,Strings Low,Lead 3 (calliope) _ 2,Strings 3,41040,245
28.351619999999997,0.3228018749999997,70,81,Strings Low,Lead 3 (calliope) _ 2,Strings 3,41280,470
29.010959999999997,0.19917562499999875,68,81,Strings Low,Lead 3 (calliope) _ 2,Strings 3,42240,290
29.175794999999997,0.15247237499999855,69,81,Strings Low,Lead 3 (calliope) _ 2,Strings 3,42480,222
29.340629999999997,0.16140093749999807,70,81,Strings Low,Lead 3 (calliope) _ 2,Strings 3,42720,235
29.505464999999997,0.1682690624999985,72,81,Strings Low,Lead 3 (calliope) _ 2,Strings 3,42960,245
29.670299999999997,0.20054924999999812,74,81,Strings Low,Lead 3 (calliope) _ 2,Strings 3,43200,292
29.835134999999998,0.17651081249999834,75,81,Strings Low,Lead 3 (calliope) _ 2,Strings 3,43440,257
29.999969999999998,0.15453281249999762,73,81,Strings Low,Lead 3 (calliope) _ 2,Strings 3,43680,225
30.164804999999998,0.16140093749999807,75,81,Strings Low,Lead 3 (calliope) _ 2,Strings 3,43920,235
30.329639999999998,0.3310436249999995,74,81,Strings Low,Lead 3 (calliope) _ 2,Strings 3,44160,482
30.988979999999998,0.15453281249999762,61,81,Strings Low,Lead 3 (calliope) _ 2,Strings 3,45120,225
31.153814999999998,0.15247237499999855,62,81,Strings Low,Lead 3 (calliope) _ 2,Strings 3,45360,222
31.318649999999998,0.1696426874999979,64,81,Strings Low,Lead 3 (calliope) _ 2,Strings 3,45600,247
31.483484999999998,0.15247237499999855,66,81,Strings Low,Lead 3 (calliope) _ 2,Strings 3,45840,222
31.64832,0.18543937499999785,67,81,Strings Low,Lead 3 (calliope) _ 2,Strings 3,46080,270
31.813154999999995,0.2383239374999988,69,81,Strings Low,Lead 3 (calliope) _ 2,Strings 3,46320,347
31.977989999999995,0.169642687500005,70,81,Strings Low,Lead 3 (calliope) _ 2,Strings 3,46560,247
32.142824999999995,0.18337893750000234,66,81,Strings Low,Lead 3 (calliope) _ 2,Strings 3,46800,267
32.30766,0.16826906249999496,69,81,Strings Low,Lead 3 (calliope) _ 2,Strings 3,47040,245
32.472494999999995,0.17651081249999834,67,81,Strings Low,Lead 3 (calliope) _ 2,Strings 3,47280,257
32.63733,0.17651081249999834,70,81,Strings Low,Lead 3 (calliope) _ 2,Strings 3,47520,257
32.802164999999995,0.18337893750000234,66,81,Strings Low,Lead 3 (calliope) _ 2,Strings 3,47760,267
32.967,0.1923074999999983,69,81,Strings Low,Lead 3 (calliope) _ 2,Strings 3,48000,280
33.131834999999995,0.16140093749999807,67,81,Strings Low,Lead 3 (calliope) _ 2,Strings 3,48240,235
33.29667,0.16826906249999496,70,81,Strings Low,Lead 3 (calliope) _ 2,Strings 3,48480,245
33.461504999999995,0.1456042499999981,67,81,Strings Low,Lead 3 (calliope) _ 2,Strings 3,48720,212
33.62634,0.16826906249999496,70,81,Strings Low,Lead 3 (calliope) _ 2,Strings 3,48960,245
33.791174999999996,0.20741737499999857,67,81,Strings Low,Lead 3 (calliope) _ 2,Strings 3,49200,302
33.95601,0.16140093749999807,70,81,Strings Low,Lead 3 (calliope) _ 2,Strings 3,49440,235
34.120844999999996,0.16483500000000362,67,81,Strings Low,Lead 3 (calliope) _ 2,Strings 3,49680,240
34.28568,0.20054924999999457,70,81,Strings Low,Lead 3 (calliope) _ 2,Strings 3,49920,292
34.450514999999996,0.1456042499999981,66,81,Strings Low,Lead 3 (calliope) _ 2,Strings 3,50160,212
34.61535,0.12156581249999476,67,81,Strings Low,Lead 3 (calliope) _ 2,Strings 3,50400,177
34.780184999999996,0.12362625000000094,58,81,Strings Low,Lead 3 (calliope) _ 2,Strings 3,50640,180
34.94502,0.16964268749999434,60,81,Strings Low,Lead 3 (calliope) _ 2,Strings 3,50880,247
35.109854999999996,0.16140093749999807,62,81,Strings Low,Lead 3 (calliope) _ 2,Strings 3,51120,235
35.27468999999999,0.11469768750000497,63,81,Strings Low,Lead 3 (calliope) _ 2,Strings 3,51360,167
35.439524999999996,0.16140093749999807,65,81,Strings Low,Lead 3 (calliope) _ 2,Strings 3,51600,235
35.60435999999999,0.6229389375000025,67,81,Strings Low,Lead 3 (calliope) _ 2,Strings 3,51840,907
36.26369999999999,0.3447798750000004,62,81,Strings Low,Lead 3 (calliope) _ 2,Strings 3,52800,502
36.59336999999999,0.6229389375000025,65,81,Strings Low,Lead 3 (calliope) _ 2,Strings 3,53280,907
37.25270999999999,0.32280187500000324,60,81,Strings Low,Lead 3 (calliope) _ 2,Strings 3,54240,470
37.58237999999999,0.6696421875000027,63,81,Strings Low,Lead 3 (calliope) _ 2,Strings 3,54720,975
38.241719999999994,0.25412062499999877,56,81,Strings Low,Lead 3 (calliope) _ 2,Strings 3,55680,370
39.560399999999994,0.6366751875000034,68,81,Strings Low,Lead 3 (calliope) _ 2,Strings 3,57600,927
40.219739999999994,0.3070051875000033,63,81,Strings Low,Lead 3 (calliope) _ 2,Strings 3,58560,447
40.549409999999995,0.6160708124999985,67,81,Strings Low,Lead 3 (calliope) _ 2,Strings 3,59040,897
41.208749999999995,0.2781590625000021,62,81,Strings Low,Lead 3 (calliope) _ 2,Strings 3,60000,405
41.538419999999995,0.6627740624999987,65,81,Strings Low,Lead 3 (calliope) _ 2,Strings 3,60480,965
42.197759999999995,0.22321406249999853,58,81,Strings Low,Lead 3 (calliope) _ 2,Strings 3,61440,325
43.516439999999996,0.6160708124999985,67,81,Strings Low,Lead 3 (calliope) _ 2,Strings 3,63360,897
44.175779999999996,0.28296674999999993,62,81,Strings Low,Lead 3 (calliope) _ 2,Strings 3,64320,412
44.505449999999996,0.6160708124999985,65,81,Strings Low,Lead 3 (calliope) _ 2,Strings 3,64800,897
45.164789999999996,0.31387331250000017,60,81,Strings Low,Lead 3 (calliope) _ 2,Strings 3,65760,457
45.49446,0.7005487499999958,63,81,Strings Low,Lead 3 (calliope) _ 2,Strings 3,66240,1020
46.1538,0.20054924999999457,56,81,Strings Low,Lead 3 (calliope) _ 2,Strings 3,67200,292
47.47248,0.6229389374999954,68,81,Strings Low,Lead 3 (calliope) _ 2,Strings 3,69120,907
48.13182,0.32280187499999613,63,81,Strings Low,Lead 3 (calliope) _ 2,Strings 3,70080,470
48.46149,0.6607136249999996,68,81,Strings Low,Lead 3 (calliope) _ 2,Strings 3,70560,962
49.12083,0.32280187499999613,64,81,Strings Low,Lead 3 (calliope) _ 2,Strings 3,71520,470
49.45049999999999,0.6538455000000027,68,81,Strings Low,Lead 3 (calliope) _ 2,Strings 3,72000,952
50.10983999999999,0.3310436250000066,65,81,Strings Low,Lead 3 (calliope) _ 2,Strings 3,72960,482
50.43950999999999,0.16140093750000517,70,81,Strings Low,Lead 3 (calliope) _ 2,Strings 3,73440,235
50.604344999999995,0.16140093749999807,58,81,Strings Low,Lead 3 (calliope) _ 2,Strings 3,73680,235
50.76917999999999,0.11469768750000497,60,81,Strings Low,Lead 3 (calliope) _ 2,Strings 3,73920,167
50.934014999999995,0.13049437499999783,62,81,Strings Low,Lead 3 (calliope) _ 2,Strings 3,74160,190
51.09884999999999,0.14766468750000428,63,81,Strings Low,Lead 3 (calliope) _ 2,Strings 3,74400,215
51.263684999999995,0.10782956250000097,65,81,Strings Low,Lead 3 (calliope) _ 2,Strings 3,74640,157
51.42851999999999,0.6229389375000025,67,81,Strings Low,Lead 3 (calliope) _ 2,Strings 3,74880,907
52.08785999999999,0.3241755000000026,62,81,Strings Low,Lead 3 (calliope) _ 2,Strings 3,75840,472
52.41752999999999,0.6765103124999996,65,81,Strings Low,Lead 3 (calliope) _ 2,Strings 3,76320,985
53.07686999999999,0.3001370624999993,60,81,Strings Low,Lead 3 (calliope) _ 2,Strings 3,77280,437
53.40653999999999,0.7225267500000001,63,81,Strings Low,Lead 3 (calliope) _ 2,Strings 3,77760,1052
54.06587999999999,0.26098875000000277,56,81,Strings Low,Lead 3 (calliope) _ 2,Strings 3,78720,380
55.38455999999999,0.6607136249999996,68,81,Strings Low,Lead 3 (calliope) _ 2,Strings 3,80640,962
56.043899999999994,0.35370843750000347,63,81,Strings Low,Lead 3 (calliope) _ 2,Strings 3,81600,515
56.373569999999994,0.6538455000000027,67,81,Strings Low,Lead 3 (calliope) _ 2,Strings 3,82080,952
57.032909999999994,0.30700518749999617,62,81,Strings Low,Lead 3 (calliope) _ 2,Strings 3,83040,447
57.362579999999994,0.6538455000000027,65,81,Strings Low,Lead 3 (calliope) _ 2,Strings 3,83520,952
58.021919999999994,0.26236237500000215,58,81,Strings Low,Lead 3 (calliope) _ 2,Strings 3,84480,382
59.340599999999995,0.6298070624999994,67,81,Strings Low,Lead 3 (calliope) _ 2,Strings 3,86400,917
59.999939999999995,0.32280187499999613,62,81,Strings Low,Lead 3 (calliope) _ 2,Strings 3,87360,470
60.348153937499994,0.6545323125000024,65,81,Strings Low,Lead 3 (calliope) _ 2,Strings 3,87867,953
60.988949999999996,0.32280187499999613,60,81,Strings Low,Lead 3 (calliope) _ 2,Strings 3,88800,470
61.318619999999996,0.7005487499999958,63,81,Strings Low,Lead 3 (calliope) _ 2,Strings 3,89280,1020
61.977959999999996,0.23008218749999543,56,81,Strings Low,Lead 3 (calliope) _ 2,Strings 3,90240,335
63.29664,0.6607136249999996,72,81,Strings Low,Lead 3 (calliope) _ 2,Strings 3,92160,962
63.95597999999999,0.3001370625000064,70,81,Strings Low,Lead 3 (calliope) _ 2,Strings 3,93120,437
64.28564999999999,0.6627740625000058,72,81,Strings Low,Lead 3 (calliope) _ 2,Strings 3,93600,965
64.94498999999999,0.3138733125000073,70,81,Strings Low,Lead 3 (calliope) _ 2,Strings 3,94560,457
65.27466,0.2314558125000019,74,81,Strings Low,Lead 3 (calliope) _ 2,Strings 3,95040,337
65.60432999999999,0.22321406250000564,70,81,Strings Low,Lead 3 (calliope) _ 2,Strings 3,95520,325
65.76916499999999,0.15453281250000828,71,81,Strings Low,Lead 3 (calliope) _ 2,Strings 3,95760,225
65.934,0.145604249999991,72,81,Strings Low,Lead 3 (calliope) _ 2,Strings 3,96000,212
66.098835,0.16140093750000517,74,81,Strings Low,Lead 3 (calliope) _ 2,Strings 3,96240,235
66.26366999999999,0.16964268750000144,75,81,Strings Low,Lead 3 (calliope) _ 2,Strings 3,96480,247
11.208779999999999,0.16964268749999967,70,91,Flute,Piccolo _ 1,Flute,16320,247
11.373615,0.15247237500000033,72,100,Flute,Piccolo _ 1,Flute,16560,222
11.53845,0.1765108125000001,74,106,Flute,Piccolo _ 1,Flute,16800,257
11.703285,0.16964268749999967,75,100,Flute,Piccolo _ 1,Flute,17040,247
11.86812,0.19230750000000008,76,85,Flute,Piccolo _ 1,Flute,17280,280
12.032955,0.1765108125000001,79,102,Flute,Piccolo _ 1,Flute,17520,257
12.19779,0.16964268749999967,76,72,Flute,Piccolo _ 1,Flute,17760,247
12.362624999999998,0.1854393750000014,79,106,Flute,Piccolo _ 1,Flute,18000,270
12.527459999999998,0.3537084374999999,77,105,Flute,Piccolo _ 1,Flute,18240,515
13.186799999999998,0.1682690625000003,73,91,Flute,Piccolo _ 1,Flute,19200,245
13.351634999999998,0.1387361250000012,75,82,Flute,Piccolo _ 1,Flute,19440,202
13.516469999999998,0.1765108125000001,76,86,Flute,Piccolo _ 1,Flute,19680,257
13.681304999999998,0.20741737500000035,77,99,Flute,Piccolo _ 1,Flute,19920,302
13.846139999999998,0.16140093749999984,79,100,Flute,Piccolo _ 1,Flute,20160,235
14.010974999999998,0.16964268749999967,82,72,Flute,Piccolo _ 1,Flute,20400,247
14.175809999999998,0.16140093749999984,79,97,Flute,Piccolo _ 1,Flute,20640,235
14.340644999999999,0.19917562500000052,82,97,Flute,Piccolo _ 1,Flute,20880,290
14.505479999999999,0.285027187499999,80,97,Flute,Piccolo _ 1,Flute,21120,415
15.164819999999999,0.1765108125000001,77,100,Flute,Piccolo _ 1,Flute,22080,257
15.329654999999999,0.1765108125000001,79,105,Flute,Piccolo _ 1,Flute,22320,257
15.494489999999999,0.21634593749999986,80,89,Flute,Piccolo _ 1,Flute,22560,315
15.659324999999999,0.14560424999999988,82,89,Flute,Piccolo _ 1,Flute,22800,212
15.82416,0.20054924999999812,83,89,Flute,Piccolo _ 1,Flute,23040,292
15.988994999999997,0.2142855000000008,86,96,Flute,Piccolo _ 1,Flute,23280,312
16.15383,0.1785712499999974,84,85,Flute,Piccolo _ 1,Flute,23520,260
16.318665,0.1682690624999985,83,94,Flute,Piccolo _ 1,Flute,23760,245
16.4835,0.15247237499999855,84,96,Flute,Piccolo _ 1,Flute,24000,222
16.648335,0.17651081249999834,86,96,Flute,Piccolo _ 1,Flute,24240,257
16.81317,0.20741737499999857,89,97,Flute,Piccolo _ 1,Flute,24480,302
16.978005,0.1456042499999981,87,80,Flute,Piccolo _ 1,Flute,24720,212
17.14284,0.13873612499999766,86,78,Flute,Piccolo _ 1,Flute,24960,202
17.307675,0.2163459374999981,87,91,Flute,Piccolo _ 1,Flute,25200,315
17.47251,0.16140093749999807,84,86,Flute,Piccolo _ 1,Flute,25440,235
17.637344999999996,0.16483500000000006,80,81,Flute,Piccolo _ 1,Flute,25680,240
17.802179999999996,0.6387356250000025,79,102,Flute,Piccolo _ 1,Flute,25920,930
18.461519999999997,0.32967000000000013,77,95,Flute,Piccolo _ 1,Flute,26880,480
22.417559999999998,0.24725249999999832,81,75,Flute,Piccolo _ 1,Flute,32640,360
22.5652246875,0.16483500000000006,82,97,Flute,Piccolo _ 1,Flute,32855,240
22.727999249999996,0.2664832500000003,84,107,Flute,Piccolo _ 1,Flute,33092,388
22.8948946875,0.16483500000000006,82,89,Flute,Piccolo _ 1,Flute,33335,240
23.047367062499998,0.24725249999999832,81,95,Flute,Piccolo _ 1,Flute,33557,360
23.208768,0.1648349999999965,82,91,Flute,Piccolo _ 1,Flute,33792,240
23.370168937499997,0.16483500000000006,79,97,Flute,Piccolo _ 1,Flute,34027,240
23.5404984375,0.10782956249999742,75,97,Flute,Piccolo _ 1,Flute,34275,157
23.7602784375,0.968405624999999,70,97,Flute,Piccolo _ 1,Flute,34595,1410
27.032939999999996,0.1765108125000019,75,95,Flute,Piccolo _ 1,Flute,39360,257
27.197774999999996,0.19917562499999875,77,86,Flute,Piccolo _ 1,Flute,39600,290
27.362609999999997,0.19917562499999875,79,91,Flute,Piccolo _ 1,Flute,39840,290
27.527444999999997,0.16140093750000162,81,78,Flute,Piccolo _ 1,Flute,40080,235
27.692279999999997,0.1854393750000014,82,99,Flute,Piccolo _ 1,Flute,40320,270
27.857114999999997,0.15453281250000117,84,102,Flute,Piccolo _ 1,Flute,40560,225
28.021949999999997,0.17651081249999834,81,94,Flute,Piccolo _ 1,Flute,40800,257
28.186784999999997,0.1682690624999985,84,73,Flute,Piccolo _ 1,Flute,41040,245
28.351619999999997,0.3228018749999997,82,91,Flute,Piccolo _ 1,Flute,41280,470
29.010959999999997,0.19917562499999875,80,76,Flute,Piccolo _ 1,Flute,42240,290
29.175794999999997,0.15247237499999855,81,89,Flute,Piccolo _ 1,Flute,42480,222
29.340629999999997,0.16140093749999807,82,74,Flute,Piccolo _ 1,Flute,42720,235
29.505464999999997,0.1682690624999985,84,106,Flute,Piccolo _ 1,Flute,42960,245
29.670299999999997,0.20054924999999812,86,97,Flute,Piccolo _ 1,Flute,43200,292
29.835134999999998,0.17651081249999834,87,64,Flute,Piccolo _ 1,Flute,43440,257
29.999969999999998,0.15453281249999762,85,84,Flute,Piccolo _ 1,Flute,43680,225
30.164804999999998,0.16140093749999807,87,96,Flute,Piccolo _ 1,Flute,43920,235
30.329639999999998,0.3310436249999995,86,97,Flute,Piccolo _ 1,Flute,44160,482
30.988979999999998,0.15453281249999762,73,105,Flute,Piccolo _ 1,Flute,45120,225
31.153814999999998,0.15247237499999855,74,105,Flute,Piccolo _ 1,Flute,45360,222
31.318649999999998,0.1696426874999979,76,96,Flute,Piccolo _ 1,Flute,45600,247
31.483484999999998,0.15247237499999855,78,89,Flute,Piccolo _ 1,Flute,45840,222
31.64832,0.18543937499999785,79,102,Flute,Piccolo _ 1,Flute,46080,270
31.813154999999995,0.2383239374999988,81,92,Flute,Piccolo _ 1,Flute,46320,347
31.977989999999995,0.169642687500005,82,73,Flute,Piccolo _ 1,Flute,46560,247
32.142824999999995,0.18337893750000234,78,76,Flute,Piccolo _ 1,Flute,46800,267
32.30766,0.16826906249999496,81,92,Flute,Piccolo _ 1,Flute,47040,245
32.472494999999995,0.17651081249999834,79,74,Flute,Piccolo _ 1,Flute,47280,257
32.63733,0.17651081249999834,82,94,Flute,Piccolo _ 1,Flute,47520,257
32.802164999999995,0.18337893750000234,78,85,Flute,Piccolo _ 1,Flute,47760,267
32.967,0.1923074999999983,81,75,Flute,Piccolo _ 1,Flute,48000,280
33.131834999999995,0.16140093749999807,79,94,Flute,Piccolo _ 1,Flute,48240,235
33.29667,0.16826906249999496,82,82,Flute,Piccolo _ 1,Flute,48480,245
33.461504999999995,0.1456042499999981,79,66,Flute,Piccolo _ 1,Flute,48720,212
33.62634,0.16826906249999496,82,84,Flute,Piccolo _ 1,Flute,48960,245
33.791174999999996,0.20741737499999857,79,80,Flute,Piccolo _ 1,Flute,49200,302
33.95601,0.16140093749999807,82,87,Flute,Piccolo _ 1,Flute,49440,235
34.120844999999996,0.16483500000000362,79,96,Flute,Piccolo _ 1,Flute,49680,240
34.28568,0.20054924999999457,82,94,Flute,Piccolo _ 1,Flute,49920,292
34.450514999999996,0.1456042499999981,78,89,Flute,Piccolo _ 1,Flute,50160,212
34.61535,0.20741737499999857,79,80,Flute,Piccolo _ 1,Flute,50400,302
38.537049374999995,0.13049437499999783,74,107,Flute,Piccolo _ 1,Flute,56110,190
38.648312999999995,0.12362625000000094,75,92,Flute,Piccolo _ 1,Flute,56272,180
38.725922812499995,0.1387361250000012,74,105,Flute,Piccolo _ 1,Flute,56385,202
38.849549062499996,0.12156581250000187,73,107,Flute,Piccolo _ 1,Flute,56565,177
39.194328937499996,0.20123606250000137,74,107,Flute,Piccolo _ 1,Flute,57067,293
42.515067374999994,0.12362625000000094,75,107,Flute,Piccolo _ 1,Flute,61902,180
42.620149687499996,0.13049437499999783,77,102,Flute,Piccolo _ 1,Flute,62055,190
42.7108089375,0.13049437499999783,75,102,Flute,Piccolo _ 1,Flute,62187,190
42.8193253125,0.13049437499999783,74,107,Flute,Piccolo _ 1,Flute,62345,190
43.166165625,0.32967000000000013,75,107,Flute,Piccolo _ 1,Flute,62850,480
46.47797549999999,0.11538450000000466,74,107,Flute,Piccolo _ 1,Flute,67672,168
46.58992593749999,0.13186800000000432,75,91,Flute,Piccolo _ 1,Flute,67835,192
46.66684893749999,0.12362625000000094,74,78,Flute,Piccolo _ 1,Flute,67947,180
46.79047518749999,0.12362625000000094,73,107,Flute,Piccolo _ 1,Flute,68127,180
47.113277062499996,0.31593374999999924,74,107,Flute,Piccolo _ 1,Flute,68597,460
54.38318737499999,0.0927196875000007,74,107,Flute,Piccolo _ 1,Flute,79182,135
54.4814015625,0.13736249999999472,75,90,Flute,Piccolo _ 1,Flute,79325,200
54.57206081249999,0.16346137500000424,74,94,Flute,Piccolo _ 1,Flute,79457,238
54.735522187499996,0.11469768749999787,73,105,Flute,Piccolo _ 1,Flute,79695,167
55.04252737499999,0.1991756250000023,74,107,Flute,Piccolo _ 1,Flute,80142,290
58.3460955,0.11538449999999756,75,107,Flute,Piccolo _ 1,Flute,84952,168
58.458045937499996,0.10782956249999387,77,104,Flute,Piccolo _ 1,Flute,85115,157
58.5198590625,0.16140093749999807,75,94,Flute,Piccolo _ 1,Flute,85205,235
58.650353437499994,0.10782956250000097,74,107,Flute,Piccolo _ 1,Flute,85395,157
58.97452893749999,0.32967000000000013,75,100,Flute,Piccolo _ 1,Flute,85867,480
62.295267374999995,0.12225262500000156,74,107,Flute,Piccolo _ 1,Flute,90702,178
62.39828924999999,0.15453281250000117,75,91,Flute,Piccolo _ 1,Flute,90852,225
62.484140812499994,0.13049437499999783,74,94,Flute,Piccolo _ 1,Flute,90977,190
62.59952531249999,0.16140093749999807,73,107,Flute,Piccolo _ 1,Flute,91145,235
62.93056893749999,0.18406575000000203,74,107,Flute,Piccolo _ 1,Flute,91627,268
3.95604,0.2850271874999999,70,82,Glock,Glockenspiel _ 1,Glockenspiel,5760,415
4.28571,0.26923049999999993,75,82,Glock,Glockenspiel _ 1,Glockenspiel,6240,392
4.615379999999999,0.19917562500000052,79,87,Glock,Glockenspiel _ 1,Glockenspiel,6720,290
4.945049999999999,0.8070046875000001,80,87,Glock,Glockenspiel _ 1,Glockenspiel,7200,1175
5.769225,0.09065924999999986,79,87,Glock,Glockenspiel _ 1,Glockenspiel,8400,132
5.93406,1.6428554999999996,79,87,Glock,Glockenspiel _ 1,Glockenspiel,8640,2392
7.91208,0.2520601874999997,70,87,Glock,Glockenspiel _ 1,Glockenspiel,11520,367
8.24175,0.19917562499999875,75,85,Glock,Glockenspiel _ 1,Glockenspiel,12000,290
8.57142,0.19230750000000008,79,86,Glock,Glockenspiel _ 1,Glockenspiel,12480,280
8.901089999999998,0.26785687500000144,80,82,Glock,Glockenspiel _ 1,Glockenspiel,12960,390
9.230759999999998,0.4993126874999998,79,87,Glock,Glockenspiel _ 1,Glockenspiel,13440,727
9.725264999999998,0.08379112500000119,77,86,Glock,Glockenspiel _ 1,Glockenspiel,14160,122
9.890099999999999,0.6456037500000011,82,80,Glock,Glockenspiel _ 1,Glockenspiel,14400,940
10.549439999999999,0.32967000000000013,75,87,Glock,Glockenspiel _ 1,Glockenspiel,15360,480
19.780199999999997,0.285027187499999,70,82,Glock,Glockenspiel _ 1,Glockenspiel,28800,415
20.109869999999997,0.26923049999999904,75,82,Glock,Glockenspiel _ 1,Glockenspiel,29280,392
20.439539999999997,0.19917562499999875,79,87,Glock,Glockenspiel _ 1,Glockenspiel,29760,290
20.769209999999998,0.807004687500001,80,87,Glock,Glockenspiel _ 1,Glockenspiel,30240,1175
21.593384999999998,0.09065924999999808,79,87,Glock,Glockenspiel _ 1,Glockenspiel,31440,132
21.758219999999998,1.6428554999999996,79,87,Glock,Glockenspiel _ 1,Glockenspiel,31680,2392
23.73624,0.2520601874999997,70,87,Glock,Glockenspiel _ 1,Glockenspiel,34560,367
24.06591,0.19917562499999875,75,85,Glock,Glockenspiel _ 1,Glockenspiel,35040,290
24.39558,0.1923074999999983,79,86,Glock,Glockenspiel _ 1,Glockenspiel,35520,280
24.725249999999996,0.2678568750000032,80,82,Glock,Glockenspiel _ 1,Glockenspiel,36000,390
25.054919999999996,0.4993126875000016,79,87,Glock,Glockenspiel _ 1,Glockenspiel,36480,727
25.549424999999996,0.08379112500000119,77,86,Glock,Glockenspiel _ 1,Glockenspiel,37200,122
25.714259999999996,0.6456037500000029,82,80,Glock,Glockenspiel _ 1,Glockenspiel,37440,940
26.373599999999996,0.32967000000000013,75,87,Glock,Glockenspiel _ 1,Glockenspiel,38400,480
35.60435999999999,0.6229389375000025,79,77,Glock,Glockenspiel _ 1,Glockenspiel,51840,907
36.26369999999999,0.3447798750000004,74,77,Glock,Glockenspiel _ 1,Glockenspiel,52800,502
36.59336999999999,0.6229389375000025,77,86,Glock,Glockenspiel _ 1,Glockenspiel,53280,907
37.25270999999999,0.32280187500000324,72,82,Glock,Glockenspiel _ 1,Glockenspiel,54240,470
37.58237999999999,0.6696421875000027,75,71,Glock,Glockenspiel _ 1,Glockenspiel,54720,975
38.241719999999994,0.25412062499999877,68,74,Glock,Glockenspiel _ 1,Glockenspiel,55680,370
39.560399999999994,0.6366751875000034,80,77,Glock,Glockenspiel _ 1,Glockenspiel,57600,927
40.219739999999994,0.3070051875000033,75,80,Glock,Glockenspiel _ 1,Glockenspiel,58560,447
40.549409999999995,0.6160708124999985,79,82,Glock,Glockenspiel _ 1,Glockenspiel,59040,897
41.208749999999995,0.2781590625000021,74,79,Glock,Glockenspiel _ 1,Glockenspiel,60000,405
41.538419999999995,0.6627740624999987,77,84,Glock,Glockenspiel _ 1,Glockenspiel,60480,965
42.197759999999995,0.22321406249999853,70,87,Glock,Glockenspiel _ 1,Glockenspiel,61440,325
43.516439999999996,0.6160708124999985,79,87,Glock,Glockenspiel _ 1,Glockenspiel,63360,897
44.175779999999996,0.28296674999999993,74,82,Glock,Glockenspiel _ 1,Glockenspiel,64320,412
44.505449999999996,0.6160708124999985,77,84,Glock,Glockenspiel _ 1,Glockenspiel,64800,897
45.164789999999996,0.31387331250000017,72,79,Glock,Glockenspiel _ 1,Glockenspiel,65760,457
45.49446,0.7005487499999958,75,71,Glock,Glockenspiel _ 1,Glockenspiel,66240,1020
46.1538,0.20054924999999457,68,71,Glock,Glockenspiel _ 1,Glockenspiel,67200,292
47.47248,0.6229389374999954,80,66,Glock,Glockenspiel _ 1,Glockenspiel,69120,907
48.13182,0.32280187499999613,75,80,Glock,Glockenspiel _ 1,Glockenspiel,70080,470
48.46149,0.6607136249999996,80,77,Glock,Glockenspiel _ 1,Glockenspiel,70560,962
49.12083,0.32280187499999613,76,80,Glock,Glockenspiel _ 1,Glockenspiel,71520,470
49.45049999999999,0.6538455000000027,80,74,Glock,Glockenspiel _ 1,Glockenspiel,72000,952
50.10983999999999,0.3310436250000066,77,85,Glock,Glockenspiel _ 1,Glockenspiel,72960,482
50.43950999999999,0.16140093750000517,82,87,Glock,Glockenspiel _ 1,Glockenspiel,73440,235
50.604344999999995,0.16140093749999807,70,58,Glock,Glockenspiel _ 1,Glockenspiel,73680,235
50.76917999999999,0.11469768750000497,72,87,Glock,Glockenspiel _ 1,Glockenspiel,73920,167
50.934014999999995,0.13049437499999783,74,80,Glock,Glockenspiel _ 1,Glockenspiel,74160,190
51.09884999999999,0.14766468750000428,75,77,Glock,Glockenspiel _ 1,Glockenspiel,74400,215
51.263684999999995,0.10782956250000097,77,86,Glock,Glockenspiel _ 1,Glockenspiel,74640,157
51.42851999999999,0.6229389375000025,79,87,Glock,Glockenspiel _ 1,Glockenspiel,74880,907
52.08785999999999,0.3241755000000026,74,87,Glock,Glockenspiel _ 1,Glockenspiel,75840,472
52.41752999999999,0.6765103124999996,77,87,Glock,Glockenspiel _ 1,Glockenspiel,76320,985
53.07686999999999,0.3001370624999993,72,85,Glock,Glockenspiel _ 1,Glockenspiel,77280,437
53.40653999999999,0.7225267500000001,75,74,Glock,Glockenspiel _ 1,Glockenspiel,77760,1052
54.06587999999999,0.26098875000000277,68,85,Glock,Glockenspiel _ 1,Glockenspiel,78720,380
55.38455999999999,0.6607136249999996,80,84,Glock,Glockenspiel _ 1,Glockenspiel,80640,962
56.043899999999994,0.35370843750000347,75,87,Glock,Glockenspiel _ 1,Glockenspiel,81600,515
56.373569999999994,0.6538455000000027,79,87,Glock,Glockenspiel _ 1,Glockenspiel,82080,952
57.032909999999994,0.30700518749999617,74,74,Glock,Glockenspiel _ 1,Glockenspiel,83040,447
57.362579999999994,0.6538455000000027,77,85,Glock,Glockenspiel _ 1,Glockenspiel,83520,952
58.021919999999994,0.26236237500000215,70,87,Glock,Glockenspiel _ 1,Glockenspiel,84480,382
59.340599999999995,0.6298070624999994,79,82,Glock,Glockenspiel _ 1,Glockenspiel,86400,917
59.999939999999995,0.32280187499999613,74,80,Glock,Glockenspiel _ 1,Glockenspiel,87360,470
60.329609999999995,0.6538454999999956,77,85,Glock,Glockenspiel _ 1,Glockenspiel,87840,952
60.988949999999996,0.32280187499999613,72,80,Glock,Glockenspiel _ 1,Glockenspiel,88800,470
61.318619999999996,0.7005487499999958,75,82,Glock,Glockenspiel _ 1,Glockenspiel,89280,1020
61.977959999999996,0.23008218749999543,68,77,Glock,Glockenspiel _ 1,Glockenspiel,90240,335
63.29664,0.6607136249999996,84,87,Glock,Glockenspiel _ 1,Glockenspiel,92160,962
63.95597999999999,0.3001370625000064,82,80,Glock,Glockenspiel _ 1,Glockenspiel,93120,437
64.28564999999999,0.6627740625000058,84,85,Glock,Glockenspiel _ 1,Glockenspiel,93600,965
64.94498999999999,0.3138733125000073,82,65,Glock,Glockenspiel _ 1,Glockenspiel,94560,457
65.27466,0.2314558125000019,86,84,Glock,Glockenspiel _ 1,Glockenspiel,95040,337
65.60432999999999,0.22321406250000564,82,82,Glock,Glockenspiel _ 1,Glockenspiel,95520,325
65.76916499999999,0.15453281250000828,83,80,Glock,Glockenspiel _ 1,Glockenspiel,95760,225
65.934,0.145604249999991,84,80,Glock,Glockenspiel _ 1,Glockenspiel,96000,212
66.098835,0.16140093750000517,86,62,Glock,Glockenspiel _ 1,Glockenspiel,96240,235
66.26366999999999,0.16964268750000144,87,87,Glock,Glockenspiel _ 1,Glockenspiel,96480,247
67.17026249999999,0.054945000000003574,87,1,Glock,Glockenspiel _ 1,Glockenspiel,97800,80
0.0,0.44642812499999995,39,127,Bass Strings,String Ensemble 1 _ 1,Strings 2,0,650
0.98901,0.6229389374999998,46,127,Bass Strings,String Ensemble 1 _ 1,Strings 2,1440,907
1.97802,0.6318674999999998,39,127,Bass Strings,String Ensemble 1 _ 1,Strings 2,2880,920
2.96703,0.7692299999999999,46,127,Bass Strings,String Ensemble 1 _ 1,Strings 2,4320,1120
3.95604,0.8001365624999996,39,127,Bass Strings,String Ensemble 1 _ 1,Strings 2,5760,1165
4.945049999999999,0.8001365624999996,38,127,Bass Strings,String Ensemble 1 _ 1,Strings 2,7200,1165
5.93406,0.7383234374999992,39,127,Bass Strings,String Ensemble 1 _ 1,Strings 2,8640,1075
6.923069999999999,0.7142850000000003,46,127,Bass Strings,String Ensemble 1 _ 1,Strings 2,10080,1040
10.879109999999999,0.7465651874999999,39,127,Bass Strings,String Ensemble 1 _ 1,Strings 2,15840,1087
11.86812,0.7843398749999988,46,127,Bass Strings,String Ensemble 1 _ 1,Strings 2,17280,1142
13.846139999999998,0.8152464375000008,41,127,Bass Strings,String Ensemble 1 _ 1,Strings 2,20160,1187
14.835149999999999,0.7534333125000003,48,127,Bass Strings,String Ensemble 1 _ 1,Strings 2,21600,1097
15.82416,0.8152464374999973,41,127,Bass Strings,String Ensemble 1 _ 1,Strings 2,23040,1187
16.81317,0.4684061249999978,48,127,Bass Strings,String Ensemble 1 _ 1,Strings 2,24480,682
17.47251,0.16140093749999807,44,127,Bass Strings,String Ensemble 1 _ 1,Strings 2,25440,235
17.802179999999996,0.8598892500000019,46,127,Bass Strings,String Ensemble 1 _ 1,Strings 2,25920,1252
18.791189999999997,0.7383234375000001,46,127,Bass Strings,String Ensemble 1 _ 1,Strings 2,27360,1075
22.74723,0.7706036249999997,46,127,Bass Strings,String Ensemble 1 _ 1,Strings 2,33120,1122
26.703269999999996,0.7692300000000003,39,127,Bass Strings,String Ensemble 1 _ 1,Strings 2,38880,1120
27.692279999999997,0.8392848750000006,43,127,Bass Strings,String Ensemble 1 _ 1,Strings 2,40320,1222
29.670299999999997,0.7383234375000001,43,127,Bass Strings,String Ensemble 1 _ 1,Strings 2,43200,1075
31.64832,0.5528840624999987,43,127,Bass Strings,String Ensemble 1 _ 1,Strings 2,46080,805
32.30766,0.2383239374999988,42,127,Bass Strings,String Ensemble 1 _ 1,Strings 2,47040,347
32.63733,0.5370873749999987,43,127,Bass Strings,String Ensemble 1 _ 1,Strings 2,47520,782
33.29667,0.21428549999999547,42,127,Bass Strings,String Ensemble 1 _ 1,Strings 2,48480,312
33.62634,0.20054924999999457,43,127,Bass Strings,String Ensemble 1 _ 1,Strings 2,48960,292
33.95601,0.2383239374999988,43,127,Bass Strings,String Ensemble 1 _ 1,Strings 2,49440,347
34.28568,0.1923074999999983,38,127,Bass Strings,String Ensemble 1 _ 1,Strings 2,49920,280
34.61535,0.20054924999999457,43,127,Bass Strings,String Ensemble 1 _ 1,Strings 2,50400,292
35.60435999999999,0.6916201874999999,39,127,Bass Strings,String Ensemble 1 _ 1,Strings 2,51840,1007
36.59336999999999,0.846153000000001,46,127,Bass Strings,String Ensemble 1 _ 1,Strings 2,53280,1232
37.58237999999999,0.8152464375000008,41,127,Bass Strings,String Ensemble 1 _ 1,Strings 2,54720,1187
38.571389999999994,0.8001365625000005,46,127,Bass Strings,String Ensemble 1 _ 1,Strings 2,56160,1165
39.560399999999994,0.861949687500001,41,127,Bass Strings,String Ensemble 1 _ 1,Strings 2,57600,1255
40.549409999999995,0.7314553125000032,46,127,Bass Strings,String Ensemble 1 _ 1,Strings 2,59040,1065
41.538419999999995,0.6387356250000025,39,127,Bass Strings,String Ensemble 1 _ 1,Strings 2,60480,930
42.527429999999995,0.861949687500001,46,127,Bass Strings,String Ensemble 1 _ 1,Strings 2,61920,1255
43.516439999999996,0.8310431250000008,39,127,Bass Strings,String Ensemble 1 _ 1,Strings 2,63360,1210
44.505449999999996,0.8221145624999977,46,127,Bass Strings,String Ensemble 1 _ 1,Strings 2,64800,1197
45.49446,0.9148342499999984,41,127,Bass Strings,String Ensemble 1 _ 1,Strings 2,66240,1332
46.48347,0.8152464375000008,46,127,Bass Strings,String Ensemble 1 _ 1,Strings 2,67680,1187
47.47248,0.8619496874999939,41,127,Bass Strings,String Ensemble 1 _ 1,Strings 2,69120,1255
48.46149,0.9148342499999984,44,127,Bass Strings,String Ensemble 1 _ 1,Strings 2,70560,1332
49.45049999999999,0.861949687500001,37,127,Bass Strings,String Ensemble 1 _ 1,Strings 2,72000,1255
50.43950999999999,0.31593375000000634,46,127,Bass Strings,String Ensemble 1 _ 1,Strings 2,73440,460
51.42851999999999,0.7005487500000029,39,127,Bass Strings,String Ensemble 1 _ 1,Strings 2,74880,1020
52.41752999999999,0.7156586250000032,46,127,Bass Strings,String Ensemble 1 _ 1,Strings 2,76320,1042
53.40653999999999,0.8770595625000013,41,127,Bass Strings,String Ensemble 1 _ 1,Strings 2,77760,1277
54.39554999999999,0.7843398750000006,46,127,Bass Strings,String Ensemble 1 _ 1,Strings 2,79200,1142
55.38455999999999,0.8928562500000012,41,127,Bass Strings,String Ensemble 1 _ 1,Strings 2,80640,1300
56.373569999999994,0.7932684374999965,46,127,Bass Strings,String Ensemble 1 _ 1,Strings 2,82080,1155
57.362579999999994,0.7932684374999965,39,127,Bass Strings,String Ensemble 1 _ 1,Strings 2,83520,1155
58.351589999999995,0.7692300000000003,46,127,Bass Strings,String Ensemble 1 _ 1,Strings 2,84960,1120
59.340599999999995,0.7692300000000003,39,127,Bass Strings,String Ensemble 1 _ 1,Strings 2,86400,1120
60.329609999999995,0.8241749999999968,46,127,Bass Strings,String Ensemble 1 _ 1,Strings 2,87840,1200
61.318619999999996,0.8619496874999939,41,127,Bass Strings,String Ensemble 1 _ 1,Strings 2,89280,1255
62.307629999999996,0.8070046874999974,46,127,Bass Strings,String Ensemble 1 _ 1,Strings 2,90720,1175
63.29664,0.9079661250000015,39,127,Bass Strings,String Ensemble 1 _ 1,Strings 2,92160,1322
64.28564999999999,0.8138728125000085,36,127,Bass Strings,String Ensemble 1 _ 1,Strings 2,93600,1185
65.27466,0.24725250000000187,46,127,Bass Strings,String Ensemble 1 _ 1,Strings 2,95040,360
65.934,0.13049437499999783,46,127,Bass Strings,String Ensemble 1 _ 1,Strings 2,96000,190
66.26366999999999,0.20054925000000878,39,127,Bass Strings,String Ensemble 1 _ 1,Strings 2,96480,292
